,image_id,background_ids
0,0,[4]
1,1,[2]
2,2,"[5, 3]"
3,3,[5]
4,4,[2]
5,5,[3]
6,6,[4]
7,7,[4]
8,8,[1]
9,9,[5]
10,10,[2]
11,11,[5]
12,12,[5]
13,13,[5]
14,14,[3]
15,15,[5]
16,16,[3]
17,17,"[5, 3]"
18,18,[1]
19,19,[1]
20,20,"[5, 3]"
21,21,[3]
22,22,[3]
23,23,"[5, 2]"
24,24,"[5, 3]"
25,25,[2]
26,26,[3]
27,27,[2]
28,28,"[5, 3]"
29,29,[5]
30,30,[2]
31,31,[1]
32,32,[5]
33,33,"[3, 4]"
34,34,[5]
35,35,[2]
36,36,"[5, 3]"
37,37,[3]
38,38,[5]
39,39,"[5, 2, 4]"
40,40,[6]
41,41,[2]
42,42,[5]
43,43,"[5, 3]"
44,44,[6]
45,45,"[5, 6]"
46,46,[2]
47,47,"[5, 3]"
48,48,[2]
49,49,[5]
50,50,[5]
51,51,[3]
52,52,"[5, 2]"
53,53,"[2, 4]"
54,54,"[3, 6]"
55,55,"[5, 3]"
56,56,"[5, 3]"
57,57,"[5, 2]"
58,58,"[3, 4]"
59,59,"[5, 3]"
60,60,[3]
61,61,[4]
62,62,"[5, 2, 3]"
63,63,[5]
64,64,[3]
65,65,[6]
66,66,[2]
67,67,[2]
68,68,[3]
69,69,[3]
70,70,[]
71,71,[5]
72,72,"[2, 1]"
73,73,[5]
74,74,[3]
75,75,[5]
76,76,[3]
77,77,"[3, 6]"
78,78,[2]
79,79,[5]
80,80,[3]
81,81,"[5, 3]"
82,82,"[5, 2, 3, 4]"
83,83,[4]
84,84,[3]
85,85,[5]
86,86,"[5, 3, 4]"
87,87,[5]
88,88,[3]
89,89,[3]
90,90,"[2, 3]"
91,91,[3]
92,92,[6]
93,93,[5]
94,94,[4]
95,95,[2]
96,96,"[5, 3]"
97,97,"[5, 3]"
98,98,[2]
99,99,[5]
100,100,"[5, 4]"
101,101,[2]
102,102,"[3, 6]"
103,103,[3]
104,104,[]
105,105,[5]
106,106,[3]
107,107,[]
108,108,[3]
109,109,[5]
110,110,[5]
111,111,"[2, 3]"
112,112,[3]
113,113,[5]
114,114,[2]
115,115,[5]
116,116,[2]
117,117,[4]
118,118,[3]
119,119,[2]
120,120,"[5, 3]"
121,121,"[5, 3]"
122,122,[2]
123,123,"[5, 3]"
124,124,[1]
125,125,[3]
126,126,"[3, 6, 4]"
127,127,[5]
128,128,[3]
129,129,"[2, 3]"
130,130,[3]
131,131,[3]
132,132,[4]
133,133,[4]
134,134,[5]
135,135,[3]
136,136,[5]
137,137,"[5, 2]"
138,138,[5]
139,139,[5]
140,140,"[5, 2]"
141,141,[3]
142,142,[6]
143,143,[4]
144,144,"[5, 3, 6]"
145,145,"[2, 4]"
146,146,[4]
147,147,[2]
148,148,[3]
149,149,[5]
150,150,"[5, 3, 4]"
151,151,"[5, 3]"
152,152,[3]
153,153,[3]
154,154,"[2, 3]"
155,155,[5]
156,156,[4]
157,157,"[5, 2]"
158,158,"[5, 3]"
159,159,[2]
160,160,[4]
161,161,[5]
162,162,[3]
163,163,[5]
164,164,[3]
165,165,"[5, 3]"
166,166,"[5, 3]"
167,167,[2]
168,168,"[2, 3, 1]"
169,169,[5]
170,170,[5]
171,171,[5]
172,172,[5]
173,173,[5]
174,174,[1]
175,175,"[5, 3]"
176,176,[2]
177,177,[2]
178,178,"[2, 4]"
179,179,[5]
180,180,[3]
181,181,[2]
182,182,[4]
183,183,[2]
184,184,[3]
185,185,"[5, 2]"
186,186,[3]
187,187,[5]
188,188,"[5, 4]"
189,189,[5]
190,190,[2]
191,191,"[2, 3]"
192,192,[3]
193,193,[5]
194,194,[3]
195,195,[5]
196,196,"[5, 3]"
197,197,[3]
198,198,[1]
199,199,[2]
200,200,[4]
201,201,[2]
202,202,[1]
203,203,[5]
204,204,[3]
205,205,[3]
206,206,[3]
207,207,[1]
208,208,"[5, 3]"
209,209,[1]
210,210,"[5, 3]"
211,211,[5]
212,212,"[5, 3, 4]"
213,213,[3]
214,214,[3]
215,215,[5]
216,216,[2]
217,217,[5]
218,218,[3]
219,219,"[5, 2, 1]"
220,220,[6]
221,221,"[5, 3]"
222,222,[2]
223,223,[]
224,224,[2]
225,225,[5]
226,226,"[4, 1]"
227,227,[]
228,228,"[5, 6]"
229,229,[2]
230,230,"[5, 3]"
231,231,"[5, 3]"
232,232,[5]
233,233,"[3, 4]"
234,234,[5]
235,235,[3]
236,236,[4]
237,237,[4]
238,238,[5]
239,239,"[2, 3]"
240,240,[2]
241,241,"[5, 6]"
242,242,[2]
243,243,[2]
244,244,[4]
245,245,"[5, 2]"
246,246,"[5, 3]"
247,247,"[5, 3]"
248,248,"[5, 2]"
249,249,[5]
250,250,[5]
251,251,[1]
252,252,[5]
253,253,[2]
254,254,[6]
255,255,"[5, 3]"
256,256,[5]
257,257,[5]
258,258,"[5, 2, 3]"
259,259,[3]
260,260,[5]
261,261,[3]
262,262,"[5, 3]"
263,263,[2]
264,264,[2]
265,265,[3]
266,266,[5]
267,267,[4]
268,268,"[5, 6]"
269,269,[1]
270,270,"[3, 4]"
271,271,[2]
272,272,[4]
273,273,[2]
274,274,[3]
275,275,"[5, 3, 6]"
276,276,[2]
277,277,"[5, 2, 3]"
278,278,[5]
279,279,[3]
280,280,"[5, 2]"
281,281,[2]
282,282,[3]
283,283,[5]
284,284,"[5, 6, 4]"
285,285,[2]
286,286,"[2, 4]"
287,287,[]
288,288,"[5, 6]"
289,289,"[2, 3]"
290,290,[5]
291,291,"[5, 3]"
292,292,[2]
293,293,"[3, 4]"
294,294,[2]
295,295,"[5, 3]"
296,296,[3]
297,297,[2]
298,298,[]
299,299,[2]
300,300,[2]
301,301,"[5, 2, 3, 4]"
302,302,[5]
303,303,[3]
304,304,"[5, 2]"
305,305,[1]
306,306,[3]
307,307,[5]
308,308,[2]
309,309,"[5, 3]"
310,310,"[5, 2]"
311,311,"[2, 4]"
312,312,"[5, 3]"
313,313,[4]
314,314,[2]
315,315,"[5, 2]"
316,316,[1]
317,317,[2]
318,318,[5]
319,319,[5]
320,320,"[5, 3]"
321,321,[5]
322,322,[4]
323,323,[2]
324,324,[3]
325,325,[5]
326,326,[3]
327,327,[2]
328,328,[4]
329,329,[5]
330,330,[3]
331,331,[5]
332,332,"[5, 2]"
333,333,[5]
334,334,[5]
335,335,[6]
336,336,"[5, 3, 6]"
337,337,[2]
338,338,"[2, 3]"
339,339,[2]
340,340,[3]
341,341,[2]
342,342,[1]
343,343,[]
344,344,[5]
345,345,[1]
346,346,"[5, 2]"
347,347,[]
348,348,[3]
349,349,"[5, 2]"
350,350,"[5, 2]"
351,351,[2]
352,352,[4]
353,353,"[5, 3]"
354,354,[5]
355,355,[2]
356,356,[3]
357,357,[4]
358,358,"[5, 2]"
359,359,[5]
360,360,[2]
361,361,"[2, 3]"
362,362,[1]
363,363,[5]
364,364,[4]
365,365,"[5, 3]"
366,366,[2]
367,367,"[5, 3]"
368,368,"[5, 2]"
369,369,[3]
370,370,"[5, 3]"
371,371,[5]
372,372,"[5, 3]"
373,373,[5]
374,374,[2]
375,375,[3]
376,376,[2]
377,377,[3]
378,378,[5]
379,379,"[5, 2]"
380,380,"[5, 2, 3]"
381,381,[3]
382,382,[2]
383,383,[4]
384,384,[2]
385,385,[]
386,386,[3]
387,387,[2]
388,388,[3]
389,389,[2]
390,390,"[5, 6]"
391,391,[2]
392,392,"[5, 3]"
393,393,"[5, 4]"
394,394,[2]
395,395,[3]
396,396,[5]
397,397,[4]
398,398,[5]
399,399,[4]
400,400,[3]
401,401,"[5, 3]"
402,402,"[5, 3]"
403,403,[2]
404,404,[5]
405,405,"[5, 3]"
406,406,"[5, 2, 3, 6, 4]"
407,407,[3]
408,408,[5]
409,409,"[5, 6]"
410,410,[1]
411,411,[3]
412,412,"[2, 4]"
413,413,[2]
414,414,[2]
415,415,[5]
416,416,[1]
417,417,[2]
418,418,[4]
419,419,[5]
420,420,[2]
421,421,[3]
422,422,"[5, 2]"
423,423,[5]
424,424,[3]
425,425,[2]
426,426,"[5, 3]"
427,427,[2]
428,428,[2]
429,429,[1]
430,430,"[2, 3]"
431,431,"[5, 3]"
432,432,"[5, 4]"
433,433,"[3, 6, 4]"
434,434,[5]
435,435,"[5, 2]"
436,436,[5]
437,437,[3]
438,438,[4]
439,439,[3]
440,440,"[5, 3]"
441,441,[1]
442,442,[2]
443,443,[5]
444,444,[3]
445,445,[5]
446,446,[4]
447,447,"[5, 3]"
448,448,[3]
449,449,[5]
450,450,[2]
451,451,[5]
452,452,[2]
453,453,"[2, 3]"
454,454,[3]
455,455,[2]
456,456,"[2, 3]"
457,457,[5]
458,458,[3]
459,459,[5]
460,460,"[5, 2]"
461,461,[3]
462,462,[1]
463,463,[2]
464,464,"[5, 3]"
465,465,[3]
466,466,[2]
467,467,[2]
468,468,[5]
469,469,[3]
470,470,[3]
471,471,"[5, 3]"
472,472,[2]
473,473,"[5, 2, 4]"
474,474,[3]
475,475,[3]
476,476,[3]
477,477,"[5, 3]"
478,478,[3]
479,479,[5]
480,480,"[5, 2]"
481,481,[3]
482,482,[4]
483,483,"[3, 4]"
484,484,[5]
485,485,"[5, 1]"
486,486,[4]
487,487,"[5, 6]"
488,488,[5]
489,489,[2]
490,490,[5]
491,491,[2]
492,492,"[2, 3]"
493,493,[2]
494,494,"[5, 3]"
495,495,"[5, 2]"
496,496,[5]
497,497,[5]
498,498,[3]
499,499,[2]
500,500,"[5, 2]"
501,501,[2]
502,502,"[5, 2, 3]"
503,503,[3]
504,504,"[3, 6]"
505,505,[1]
506,506,[3]
507,507,[5]
508,508,"[5, 6]"
509,509,"[2, 4]"
510,510,"[5, 3]"
511,511,"[5, 3]"
512,512,"[5, 4]"
513,513,[3]
514,514,"[5, 6]"
515,515,[4]
516,516,[5]
517,517,[3]
518,518,[2]
519,519,[1]
520,520,[2]
521,521,[5]
522,522,"[2, 1]"
523,523,[4]
524,524,[2]
525,525,[5]
526,526,[1]
527,527,[2]
528,528,"[5, 4]"
529,529,[3]
530,530,[3]
531,531,"[2, 3]"
532,532,[2]
533,533,[2]
534,534,[2]
535,535,[6]
536,536,[6]
537,537,[5]
538,538,[5]
539,539,[5]
540,540,[2]
541,541,[6]
542,542,[5]
543,543,"[5, 3]"
544,544,"[3, 6]"
545,545,[2]
546,546,[3]
547,547,[3]
548,548,[3]
549,549,[3]
550,550,"[5, 3]"
551,551,[4]
552,552,[2]
553,553,[5]
554,554,[2]
555,555,[2]
556,556,[5]
557,557,"[5, 2, 3]"
558,558,"[5, 3]"
559,559,"[5, 3]"
560,560,[5]
561,561,[5]
562,562,[2]
563,563,[3]
564,564,[2]
565,565,[2]
566,566,[1]
567,567,"[5, 3]"
568,568,"[5, 3]"
569,569,[3]
570,570,[3]
571,571,[5]
572,572,[3]
573,573,"[5, 3]"
574,574,[5]
575,575,[5]
576,576,[5]
577,577,"[5, 2]"
578,578,[3]
579,579,[1]
580,580,"[2, 4]"
581,581,[3]
582,582,"[5, 3, 6]"
583,583,"[5, 3]"
584,584,[5]
585,585,[1]
586,586,"[2, 3]"
587,587,"[5, 6]"
588,588,[5]
589,589,"[5, 2, 3]"
590,590,"[5, 3, 6]"
591,591,[5]
592,592,[2]
593,593,[3]
594,594,[3]
595,595,[3]
596,596,"[5, 2]"
597,597,[2]
598,598,[5]
599,599,"[5, 3]"
600,600,[3]
601,601,"[2, 3]"
602,602,[5]
603,603,[3]
604,604,[3]
605,605,"[5, 3]"
606,606,[5]
607,607,[3]
608,608,[2]
609,609,"[2, 3, 4]"
610,610,"[2, 3]"
611,611,"[5, 2, 6, 1]"
612,612,[5]
613,613,"[5, 2]"
614,614,[5]
615,615,"[5, 2]"
616,616,[2]
617,617,[4]
618,618,[2]
619,619,[5]
620,620,"[2, 1]"
621,621,[3]
622,622,[2]
623,623,[5]
624,624,[2]
625,625,"[3, 6]"
626,626,[5]
627,627,"[5, 2]"
628,628,[1]
629,629,"[5, 3]"
630,630,"[5, 2]"
631,631,"[2, 3]"
632,632,[5]
633,633,[3]
634,634,[2]
635,635,[5]
636,636,[2]
637,637,[5]
638,638,[5]
639,639,"[2, 6]"
640,640,"[2, 4]"
641,641,[3]
642,642,"[5, 3]"
643,643,"[2, 3]"
644,644,[4]
645,645,[4]
646,646,[3]
647,647,[2]
648,648,[2]
649,649,[3]
650,650,[3]
651,651,[3]
652,652,"[5, 2]"
653,653,[3]
654,654,"[5, 3, 4]"
655,655,[3]
656,656,"[2, 4]"
657,657,[2]
658,658,[2]
659,659,"[5, 3]"
660,660,"[5, 6]"
661,661,[3]
662,662,"[5, 4]"
663,663,"[6, 4]"
664,664,[3]
665,665,[3]
666,666,"[2, 3]"
667,667,"[5, 2, 3]"
668,668,"[5, 6]"
669,669,[6]
670,670,[4]
671,671,[3]
672,672,"[5, 2, 1]"
673,673,[3]
674,674,"[5, 6]"
675,675,[2]
676,676,[3]
677,677,[3]
678,678,[2]
679,679,[5]
680,680,[3]
681,681,[3]
682,682,"[2, 4]"
683,683,"[5, 2]"
684,684,"[5, 2, 3, 4]"
685,685,[5]
686,686,[4]
687,687,"[5, 2, 3]"
688,688,"[3, 4]"
689,689,[5]
690,690,[2]
691,691,[5]
692,692,[2]
693,693,[3]
694,694,[2]
695,695,"[5, 2, 3]"
696,696,[5]
697,697,[]
698,698,[3]
699,699,[2]
700,700,"[5, 3]"
701,701,[3]
702,702,"[5, 6]"
703,703,[5]
704,704,[6]
705,705,[5]
706,706,"[5, 2]"
707,707,"[5, 2, 3]"
708,708,[5]
709,709,[3]
710,710,[4]
711,711,[1]
712,712,[3]
713,713,[2]
714,714,[5]
715,715,"[2, 3]"
716,716,[5]
717,717,[2]
718,718,[3]
719,719,"[3, 6]"
720,720,[5]
721,721,"[5, 3, 6, 4]"
722,722,"[5, 3, 6]"
723,723,[1]
724,724,"[5, 3]"
725,725,[5]
726,726,[2]
727,727,[4]
728,728,"[5, 2, 3, 6, 4, 1]"
729,729,[3]
730,730,[4]
731,731,[1]
732,732,"[2, 3, 4]"
733,733,[2]
734,734,[3]
735,735,[2]
736,736,[6]
737,737,[3]
738,738,[4]
739,739,[5]
740,740,"[5, 3]"
741,741,[5]
742,742,"[5, 2, 3]"
743,743,[5]
744,744,[3]
745,745,[3]
746,746,[2]
747,747,"[5, 2, 3]"
748,748,[5]
749,749,[5]
750,750,"[2, 4]"
751,751,"[3, 1]"
752,752,[5]
753,753,[5]
754,754,[2]
755,755,"[5, 2, 3]"
756,756,"[5, 2]"
757,757,[2]
758,758,[4]
759,759,[4]
760,760,"[5, 3]"
761,761,[3]
762,762,[3]
763,763,"[5, 3]"
764,764,[5]
765,765,[5]
766,766,[2]
767,767,[4]
768,768,[3]
769,769,[4]
770,770,[3]
771,771,[3]
772,772,[3]
773,773,"[5, 2, 4]"
774,774,"[2, 3]"
775,775,[3]
776,776,"[5, 2]"
777,777,[3]
778,778,"[5, 3]"
779,779,[2]
780,780,[3]
781,781,[2]
782,782,[3]
783,783,[1]
784,784,[2]
785,785,[1]
786,786,[3]
787,787,"[5, 4]"
788,788,[4]
789,789,[4]
790,790,"[5, 3]"
791,791,[3]
792,792,[4]
793,793,[3]
794,794,[5]
795,795,[3]
796,796,[3]
797,797,"[5, 3]"
798,798,[2]
799,799,[2]
800,800,[3]
801,801,"[5, 3]"
802,802,[1]
803,803,[3]
804,804,[5]
805,805,[3]
806,806,[2]
807,807,[1]
808,808,[4]
809,809,[3]
810,810,"[2, 3]"
811,811,[2]
812,812,[3]
813,813,[2]
814,814,[3]
815,815,"[5, 3]"
816,816,"[2, 3]"
817,817,[5]
818,818,[2]
819,819,[2]
820,820,[2]
821,821,[3]
822,822,[2]
823,823,"[5, 3]"
824,824,[6]
825,825,[4]
826,826,"[5, 3]"
827,827,"[5, 4]"
828,828,"[3, 6]"
829,829,[3]
830,830,[3]
831,831,[2]
832,832,[5]
833,833,"[5, 3]"
834,834,[4]
835,835,[5]
836,836,"[5, 3]"
837,837,"[2, 4]"
838,838,"[5, 3]"
839,839,[6]
840,840,"[5, 6]"
841,841,[3]
842,842,[5]
843,843,[3]
844,844,"[5, 3]"
845,845,[2]
846,846,[4]
847,847,"[5, 3]"
848,848,[2]
849,849,[2]
850,850,[]
851,851,[2]
852,852,[4]
853,853,"[5, 3]"
854,854,"[5, 2]"
855,855,"[5, 3]"
856,856,[5]
857,857,[2]
858,858,"[5, 3]"
859,859,"[5, 2, 1]"
860,860,[2]
861,861,"[3, 4]"
862,862,"[5, 3]"
863,863,"[5, 2]"
864,864,[5]
865,865,[3]
866,866,[6]
867,867,[5]
868,868,"[5, 4]"
869,869,[3]
870,870,[5]
871,871,[3]
872,872,"[5, 3]"
873,873,[3]
874,874,"[5, 2]"
875,875,"[5, 3]"
876,876,[5]
877,877,[3]
878,878,[2]
879,879,"[5, 2]"
880,880,[5]
881,881,[1]
882,882,[3]
883,883,[3]
884,884,[3]
885,885,"[2, 3]"
886,886,[2]
887,887,[3]
888,888,[4]
889,889,"[5, 3]"
890,890,"[2, 3]"
891,891,[5]
892,892,[5]
893,893,[2]
894,894,[2]
895,895,[2]
896,896,[3]
897,897,"[5, 4]"
898,898,[2]
899,899,[3]
900,900,[2]
901,901,[5]
902,902,[3]
903,903,"[2, 3]"
904,904,[3]
905,905,[1]
906,906,"[5, 2]"
907,907,"[5, 3]"
908,908,[5]
909,909,[4]
910,910,[2]
911,911,"[3, 4]"
912,912,[2]
913,913,[3]
914,914,[2]
915,915,[3]
916,916,"[5, 2]"
917,917,[5]
918,918,[5]
919,919,"[5, 2, 3]"
920,920,[3]
921,921,"[5, 3]"
922,922,[3]
923,923,[2]
924,924,[4]
925,925,[5]
926,926,[3]
927,927,[3]
928,928,[4]
929,929,[2]
930,930,[3]
931,931,"[5, 2]"
932,932,"[5, 3]"
933,933,[2]
934,934,"[5, 3, 1]"
935,935,[2]
936,936,[5]
937,937,"[5, 3]"
938,938,[3]
939,939,"[5, 3]"
940,940,[4]
941,941,"[5, 2, 3]"
942,942,[5]
943,943,"[5, 2, 3]"
944,944,[5]
945,945,[2]
946,946,"[5, 2]"
947,947,[5]
948,948,[2]
949,949,[2]
950,950,[1]
951,951,[2]
952,952,[]
953,953,"[5, 3]"
954,954,[2]
955,955,"[2, 3]"
956,956,"[3, 6]"
957,957,"[5, 3]"
958,958,[3]
959,959,[5]
960,960,[2]
961,961,[2]
962,962,[3]
963,963,"[5, 4]"
964,964,[5]
965,965,[5]
966,966,[4]
967,967,[]
968,968,"[5, 2, 3, 4]"
969,969,[3]
970,970,"[5, 2]"
971,971,[3]
972,972,[5]
973,973,[1]
974,974,[6]
975,975,[2]
976,976,"[5, 3]"
977,977,[5]
978,978,[2]
979,979,[]
980,980,[]
981,981,[3]
982,982,[5]
983,983,[3]
984,984,[5]
985,985,"[2, 1]"
986,986,[5]
987,987,"[5, 3]"
988,988,"[5, 3]"
989,989,[4]
990,990,[5]
991,991,"[5, 6]"
992,992,"[5, 3, 4]"
993,993,[5]
994,994,[5]
995,995,[3]
996,996,"[3, 4]"
997,997,[5]
998,998,[5]
999,999,[5]
1000,1000,"[5, 2]"
1001,1001,[2]
1002,1002,[5]
1003,1003,[5]
1004,1004,[3]
1005,1005,[2]
1006,1006,"[5, 6, 4]"
1007,1007,[2]
1008,1008,"[5, 6]"
1009,1009,[5]
1010,1010,[3]
1011,1011,[3]
1012,1012,"[5, 3]"
1013,1013,[2]
1014,1014,[5]
1015,1015,[2]
1016,1016,[]
1017,1017,"[5, 6]"
1018,1018,[3]
1019,1019,[4]
1020,1020,[5]
1021,1021,[5]
1022,1022,[2]
1023,1023,[2]
1024,1024,[5]
1025,1025,"[5, 3]"
1026,1026,[3]
1027,1027,[3]
1028,1028,[]
1029,1029,[3]
1030,1030,"[5, 3]"
1031,1031,[5]
1032,1032,"[5, 4]"
1033,1033,[4]
1034,1034,[3]
1035,1035,[4]
1036,1036,[6]
1037,1037,[5]
1038,1038,[3]
1039,1039,[3]
1040,1040,[2]
1041,1041,[3]
1042,1042,"[5, 3]"
1043,1043,"[5, 3]"
1044,1044,[5]
1045,1045,[5]
1046,1046,"[2, 3]"
1047,1047,"[5, 2, 4]"
1048,1048,[3]
1049,1049,[5]
1050,1050,"[5, 3, 4]"
1051,1051,[3]
1052,1052,"[5, 3]"
1053,1053,"[3, 6]"
1054,1054,[5]
1055,1055,[5]
1056,1056,[1]
1057,1057,"[5, 3]"
1058,1058,"[5, 2]"
1059,1059,[2]
1060,1060,[2]
1061,1061,[3]
1062,1062,[2]
1063,1063,"[5, 3]"
1064,1064,[5]
1065,1065,[4]
1066,1066,[]
1067,1067,"[5, 3]"
1068,1068,[]
1069,1069,"[5, 2]"
1070,1070,[3]
1071,1071,"[5, 2]"
1072,1072,"[5, 3]"
1073,1073,[2]
1074,1074,[5]
1075,1075,[5]
1076,1076,[5]
1077,1077,[5]
1078,1078,[2]
1079,1079,"[5, 2]"
1080,1080,[3]
1081,1081,[2]
1082,1082,[5]
1083,1083,[3]
1084,1084,"[3, 6]"
1085,1085,[5]
1086,1086,[2]
1087,1087,"[3, 6]"
1088,1088,"[2, 3]"
1089,1089,[5]
1090,1090,[4]
1091,1091,[3]
1092,1092,[4]
1093,1093,[3]
1094,1094,[5]
1095,1095,[5]
1096,1096,"[5, 3]"
1097,1097,[1]
1098,1098,[3]
1099,1099,[5]
1100,1100,[5]
1101,1101,[3]
1102,1102,[1]
1103,1103,[2]
1104,1104,[4]
1105,1105,[2]
1106,1106,"[5, 3]"
1107,1107,[3]
1108,1108,[3]
1109,1109,"[5, 3]"
1110,1110,[3]
1111,1111,[3]
1112,1112,"[5, 3]"
1113,1113,[5]
1114,1114,"[5, 3, 4]"
1115,1115,[3]
1116,1116,[]
1117,1117,[5]
1118,1118,"[2, 3]"
1119,1119,[4]
1120,1120,[5]
1121,1121,"[5, 3]"
1122,1122,"[5, 3]"
1123,1123,[5]
1124,1124,[4]
1125,1125,[3]
1126,1126,"[3, 6]"
1127,1127,[3]
1128,1128,[2]
1129,1129,[2]
1130,1130,[2]
1131,1131,"[5, 2]"
1132,1132,"[5, 2]"
1133,1133,[5]
1134,1134,"[5, 2]"
1135,1135,"[2, 3]"
1136,1136,"[2, 3]"
1137,1137,[5]
1138,1138,[2]
1139,1139,[3]
1140,1140,[2]
1141,1141,"[5, 6]"
1142,1142,"[5, 6]"
1143,1143,"[2, 3]"
1144,1144,"[5, 3]"
1145,1145,[2]
1146,1146,[3]
1147,1147,[4]
1148,1148,[3]
1149,1149,"[5, 6]"
1150,1150,[6]
1151,1151,[2]
1152,1152,[2]
1153,1153,[5]
1154,1154,[4]
1155,1155,[3]
1156,1156,[3]
1157,1157,[2]
1158,1158,"[5, 3]"
1159,1159,[6]
1160,1160,"[5, 1]"
1161,1161,"[5, 3]"
1162,1162,[4]
1163,1163,[3]
1164,1164,[1]
1165,1165,[2]
1166,1166,[4]
1167,1167,[3]
1168,1168,[3]
1169,1169,"[2, 3]"
1170,1170,[6]
1171,1171,[3]
1172,1172,"[2, 3]"
1173,1173,"[3, 4]"
1174,1174,"[5, 3]"
1175,1175,[3]
1176,1176,[3]
1177,1177,[3]
1178,1178,[5]
1179,1179,[1]
1180,1180,[3]
1181,1181,"[5, 2, 3]"
1182,1182,[5]
1183,1183,[5]
1184,1184,"[2, 3]"
1185,1185,[5]
1186,1186,[5]
1187,1187,[2]
1188,1188,[2]
1189,1189,"[5, 3, 4]"
1190,1190,"[5, 3]"
1191,1191,"[5, 3, 6]"
1192,1192,[5]
1193,1193,[3]
1194,1194,[5]
1195,1195,[2]
1196,1196,[3]
1197,1197,[3]
1198,1198,[5]
1199,1199,[3]
1200,1200,"[5, 6, 4]"
1201,1201,"[5, 3, 4]"
1202,1202,[2]
1203,1203,[4]
1204,1204,[2]
1205,1205,"[2, 1]"
1206,1206,[3]
1207,1207,[3]
1208,1208,[3]
1209,1209,"[5, 3]"
1210,1210,[3]
1211,1211,"[4, 1]"
1212,1212,[3]
1213,1213,[2]
1214,1214,"[5, 6]"
1215,1215,[3]
1216,1216,[5]
1217,1217,"[2, 3]"
1218,1218,[5]
1219,1219,[3]
1220,1220,[2]
1221,1221,[1]
1222,1222,[6]
1223,1223,"[5, 2, 3, 4]"
1224,1224,[2]
1225,1225,"[5, 3]"
1226,1226,"[2, 1]"
1227,1227,[2]
1228,1228,[2]
1229,1229,[3]
1230,1230,[]
1231,1231,[2]
1232,1232,[2]
1233,1233,"[2, 3]"
1234,1234,[3]
1235,1235,"[5, 3]"
1236,1236,[4]
1237,1237,"[5, 3]"
1238,1238,[6]
1239,1239,[5]
1240,1240,"[5, 3]"
1241,1241,[5]
1242,1242,[5]
1243,1243,"[2, 4]"
1244,1244,"[3, 4]"
1245,1245,"[2, 3]"
1246,1246,[5]
1247,1247,[4]
1248,1248,[5]
1249,1249,[4]
1250,1250,[3]
1251,1251,[5]
1252,1252,"[3, 6]"
1253,1253,[5]
1254,1254,"[5, 3, 4]"
1255,1255,[2]
1256,1256,[4]
1257,1257,[5]
1258,1258,[2]
1259,1259,[2]
1260,1260,[3]
1261,1261,[1]
1262,1262,[3]
1263,1263,[2]
1264,1264,"[5, 2]"
1265,1265,"[5, 2]"
1266,1266,[3]
1267,1267,"[5, 3]"
1268,1268,[3]
1269,1269,[5]
1270,1270,[2]
1271,1271,[]
1272,1272,[2]
1273,1273,[5]
1274,1274,"[5, 6]"
1275,1275,[3]
1276,1276,[2]
1277,1277,"[5, 3]"
1278,1278,"[5, 2]"
1279,1279,[5]
1280,1280,[1]
1281,1281,[3]
1282,1282,"[3, 6]"
1283,1283,[5]
1284,1284,"[5, 3, 4]"
1285,1285,[5]
1286,1286,[4]
1287,1287,[2]
1288,1288,"[5, 3]"
1289,1289,[2]
1290,1290,"[5, 3]"
1291,1291,[2]
1292,1292,[5]
1293,1293,[5]
1294,1294,[3]
1295,1295,[4]
1296,1296,[3]
1297,1297,"[5, 3]"
1298,1298,[6]
1299,1299,[3]
1300,1300,[3]
1301,1301,[1]
1302,1302,[3]
1303,1303,[5]
1304,1304,"[5, 3]"
1305,1305,[2]
1306,1306,"[5, 3]"
1307,1307,[3]
1308,1308,"[5, 3]"
1309,1309,[5]
1310,1310,"[4, 1]"
1311,1311,"[5, 3]"
1312,1312,[5]
1313,1313,[3]
1314,1314,[2]
1315,1315,"[5, 4]"
1316,1316,[5]
1317,1317,"[5, 2]"
1318,1318,[1]
1319,1319,[5]
1320,1320,[1]
1321,1321,[2]
1322,1322,[2]
1323,1323,[4]
1324,1324,"[3, 4]"
1325,1325,[2]
1326,1326,[6]
1327,1327,[2]
1328,1328,[4]
1329,1329,"[6, 4]"
1330,1330,[3]
1331,1331,[5]
1332,1332,"[3, 6]"
1333,1333,[6]
1334,1334,[3]
1335,1335,[3]
1336,1336,"[2, 6]"
1337,1337,[2]
1338,1338,"[3, 4]"
1339,1339,[3]
1340,1340,"[5, 2]"
1341,1341,"[3, 6]"
1342,1342,[2]
1343,1343,[1]
1344,1344,[5]
1345,1345,"[5, 6, 4]"
1346,1346,[3]
1347,1347,[3]
1348,1348,[2]
1349,1349,[3]
1350,1350,[3]
1351,1351,[2]
1352,1352,[4]
1353,1353,[5]
1354,1354,"[5, 2, 3]"
1355,1355,"[5, 6]"
1356,1356,"[3, 6]"
1357,1357,[2]
1358,1358,[2]
1359,1359,[5]
1360,1360,[5]
1361,1361,[2]
1362,1362,"[5, 2]"
1363,1363,"[3, 6]"
1364,1364,[5]
1365,1365,[5]
1366,1366,[2]
1367,1367,[6]
1368,1368,[1]
1369,1369,[3]
1370,1370,[5]
1371,1371,"[5, 3]"
1372,1372,"[5, 3]"
1373,1373,[2]
1374,1374,"[5, 2, 3]"
1375,1375,[2]
1376,1376,[5]
1377,1377,[2]
1378,1378,[4]
1379,1379,[2]
1380,1380,[5]
1381,1381,[2]
1382,1382,[5]
1383,1383,"[2, 3]"
1384,1384,[4]
1385,1385,[3]
1386,1386,"[2, 3]"
1387,1387,[2]
1388,1388,"[5, 3]"
1389,1389,[3]
1390,1390,[1]
1391,1391,[5]
1392,1392,"[3, 6]"
1393,1393,[5]
1394,1394,"[5, 3]"
1395,1395,"[5, 3]"
1396,1396,[2]
1397,1397,[5]
1398,1398,[3]
1399,1399,[3]
1400,1400,"[5, 2]"
1401,1401,[3]
1402,1402,"[5, 2]"
1403,1403,[2]
1404,1404,[3]
1405,1405,[3]
1406,1406,[2]
1407,1407,[2]
1408,1408,[5]
1409,1409,[4]
1410,1410,[6]
1411,1411,[3]
1412,1412,[2]
1413,1413,[5]
1414,1414,"[5, 6]"
1415,1415,"[5, 2, 3]"
1416,1416,[3]
1417,1417,[2]
1418,1418,"[3, 4]"
1419,1419,"[3, 4]"
1420,1420,[3]
1421,1421,"[5, 2, 3]"
1422,1422,[1]
1423,1423,[3]
1424,1424,[2]
1425,1425,[4]
1426,1426,"[5, 2, 3]"
1427,1427,"[5, 2]"
1428,1428,"[5, 3]"
1429,1429,[3]
1430,1430,[3]
1431,1431,"[5, 3]"
1432,1432,[2]
1433,1433,[2]
1434,1434,[2]
1435,1435,[5]
1436,1436,"[2, 3]"
1437,1437,"[3, 4]"
1438,1438,[5]
1439,1439,[3]
1440,1440,[4]
1441,1441,[3]
1442,1442,"[2, 3]"
1443,1443,[2]
1444,1444,[2]
1445,1445,[1]
1446,1446,[5]
1447,1447,[2]
1448,1448,[3]
1449,1449,[5]
1450,1450,[4]
1451,1451,[5]
1452,1452,[2]
1453,1453,[2]
1454,1454,[5]
1455,1455,[5]
1456,1456,"[5, 3]"
1457,1457,[3]
1458,1458,[2]
1459,1459,[5]
1460,1460,[5]
1461,1461,[4]
1462,1462,[6]
1463,1463,[5]
1464,1464,[3]
1465,1465,[3]
1466,1466,"[5, 3]"
1467,1467,[2]
1468,1468,"[5, 2]"
1469,1469,[3]
1470,1470,[2]
1471,1471,[1]
1472,1472,[5]
1473,1473,"[5, 3]"
1474,1474,"[5, 3]"
1475,1475,[5]
1476,1476,[3]
1477,1477,"[2, 6, 4]"
1478,1478,"[5, 3]"
1479,1479,[3]
1480,1480,"[3, 4]"
1481,1481,[2]
1482,1482,[3]
1483,1483,"[5, 2]"
1484,1484,[2]
1485,1485,[2]
1486,1486,"[2, 3]"
1487,1487,[3]
1488,1488,"[2, 4]"
1489,1489,"[5, 3]"
1490,1490,"[5, 2]"
1491,1491,"[5, 3]"
1492,1492,[3]
1493,1493,[2]
1494,1494,[4]
1495,1495,[2]
1496,1496,"[5, 3]"
1497,1497,[2]
1498,1498,"[5, 3]"
1499,1499,[5]
1500,1500,[5]
1501,1501,"[5, 3]"
1502,1502,[3]
1503,1503,[3]
1504,1504,"[5, 3]"
1505,1505,[3]
1506,1506,"[5, 3]"
1507,1507,[5]
1508,1508,"[5, 2]"
1509,1509,[2]
1510,1510,[3]
1511,1511,[3]
1512,1512,[5]
1513,1513,[5]
1514,1514,"[2, 3]"
1515,1515,[2]
1516,1516,[1]
1517,1517,"[2, 3]"
1518,1518,[3]
1519,1519,[3]
1520,1520,[2]
1521,1521,[4]
1522,1522,[5]
1523,1523,[3]
1524,1524,[5]
1525,1525,[3]
1526,1526,[4]
1527,1527,[3]
1528,1528,[5]
1529,1529,[2]
1530,1530,"[5, 3]"
1531,1531,[3]
1532,1532,"[5, 3]"
1533,1533,"[3, 4]"
1534,1534,[3]
1535,1535,[5]
1536,1536,[5]
1537,1537,"[5, 3]"
1538,1538,"[5, 2]"
1539,1539,"[2, 1]"
1540,1540,[2]
1541,1541,[5]
1542,1542,[5]
1543,1543,"[5, 3]"
1544,1544,[5]
1545,1545,[3]
1546,1546,"[5, 3]"
1547,1547,[5]
1548,1548,[5]
1549,1549,[2]
1550,1550,[5]
1551,1551,[4]
1552,1552,"[3, 6]"
1553,1553,[3]
1554,1554,[2]
1555,1555,"[2, 3]"
1556,1556,[3]
1557,1557,[2]
1558,1558,[3]
1559,1559,"[5, 3, 4]"
1560,1560,[3]
1561,1561,[3]
1562,1562,[5]
1563,1563,[2]
1564,1564,[2]
1565,1565,[2]
1566,1566,[3]
1567,1567,[5]
1568,1568,[5]
1569,1569,"[5, 2]"
1570,1570,[3]
1571,1571,[5]
1572,1572,"[2, 3, 1]"
1573,1573,"[5, 1]"
1574,1574,[5]
1575,1575,"[2, 6]"
1576,1576,[5]
1577,1577,[5]
1578,1578,[]
1579,1579,[5]
1580,1580,"[5, 3]"
1581,1581,[2]
1582,1582,[]
1583,1583,[5]
1584,1584,[4]
1585,1585,[5]
1586,1586,"[2, 3]"
1587,1587,[2]
1588,1588,"[5, 3]"
1589,1589,[5]
1590,1590,"[5, 3]"
1591,1591,"[5, 3]"
1592,1592,[2]
1593,1593,[2]
1594,1594,[4]
1595,1595,[5]
1596,1596,[5]
1597,1597,[2]
1598,1598,[5]
1599,1599,[4]
1600,1600,[2]
1601,1601,[2]
1602,1602,[3]
1603,1603,[5]
1604,1604,[5]
1605,1605,"[5, 3]"
1606,1606,[3]
1607,1607,[3]
1608,1608,[3]
1609,1609,"[5, 6]"
1610,1610,[2]
1611,1611,[3]
1612,1612,[3]
1613,1613,[2]
1614,1614,[5]
1615,1615,[4]
1616,1616,"[5, 2]"
1617,1617,"[5, 3]"
1618,1618,[3]
1619,1619,[3]
1620,1620,[5]
1621,1621,[5]
1622,1622,[6]
1623,1623,[5]
1624,1624,[5]
1625,1625,[2]
1626,1626,[3]
1627,1627,[5]
1628,1628,[5]
1629,1629,"[5, 2, 3]"
1630,1630,[4]
1631,1631,"[2, 3]"
1632,1632,[5]
1633,1633,"[5, 6, 4]"
1634,1634,[5]
1635,1635,[3]
1636,1636,[2]
1637,1637,[5]
1638,1638,[2]
1639,1639,[2]
1640,1640,[5]
1641,1641,[3]
1642,1642,[2]
1643,1643,[3]
1644,1644,[3]
1645,1645,[1]
1646,1646,[5]
1647,1647,[2]
1648,1648,[3]
1649,1649,[5]
1650,1650,[3]
1651,1651,[5]
1652,1652,[5]
1653,1653,[2]
1654,1654,[2]
1655,1655,[4]
1656,1656,"[5, 4]"
1657,1657,[3]
1658,1658,[3]
1659,1659,"[5, 2, 3]"
1660,1660,[5]
1661,1661,[3]
1662,1662,[3]
1663,1663,"[5, 3]"
1664,1664,[5]
1665,1665,"[5, 2]"
1666,1666,[3]
1667,1667,[3]
1668,1668,"[5, 3, 4, 1]"
1669,1669,[5]
1670,1670,"[3, 4]"
1671,1671,[5]
1672,1672,"[2, 4]"
1673,1673,"[5, 6]"
1674,1674,[2]
1675,1675,[2]
1676,1676,[3]
1677,1677,[2]
1678,1678,[2]
1679,1679,"[5, 2]"
1680,1680,[2]
1681,1681,"[5, 6]"
1682,1682,"[5, 3]"
1683,1683,"[3, 6]"
1684,1684,"[2, 4]"
1685,1685,[3]
1686,1686,[3]
1687,1687,[5]
1688,1688,[5]
1689,1689,[4]
1690,1690,[5]
1691,1691,[3]
1692,1692,[3]
1693,1693,[3]
1694,1694,[5]
1695,1695,[5]
1696,1696,"[2, 3]"
1697,1697,[2]
1698,1698,[3]
1699,1699,[2]
1700,1700,[5]
1701,1701,[2]
1702,1702,[2]
1703,1703,[3]
1704,1704,[5]
1705,1705,"[3, 6]"
1706,1706,[2]
1707,1707,[3]
1708,1708,[2]
1709,1709,[3]
1710,1710,[3]
1711,1711,[3]
1712,1712,[3]
1713,1713,[5]
1714,1714,[3]
1715,1715,[5]
1716,1716,"[5, 6]"
1717,1717,[5]
1718,1718,[5]
1719,1719,[1]
1720,1720,[3]
1721,1721,"[5, 3]"
1722,1722,[3]
1723,1723,[3]
1724,1724,[4]
1725,1725,[3]
1726,1726,[5]
1727,1727,[3]
1728,1728,[2]
1729,1729,"[5, 3]"
1730,1730,[3]
1731,1731,"[5, 2]"
1732,1732,"[2, 3]"
1733,1733,"[5, 6]"
1734,1734,[3]
1735,1735,[2]
1736,1736,[4]
1737,1737,[3]
1738,1738,"[5, 2, 4]"
1739,1739,[3]
1740,1740,"[5, 2]"
1741,1741,[5]
1742,1742,[4]
1743,1743,[3]
1744,1744,"[5, 2, 3]"
1745,1745,"[2, 3, 4]"
1746,1746,[1]
1747,1747,[3]
1748,1748,"[2, 3]"
1749,1749,"[3, 4]"
1750,1750,[2]
1751,1751,[2]
1752,1752,[3]
1753,1753,"[5, 2]"
1754,1754,"[5, 6]"
1755,1755,[3]
1756,1756,[4]
1757,1757,"[5, 3]"
1758,1758,[5]
1759,1759,[5]
1760,1760,"[5, 3]"
1761,1761,[4]
1762,1762,"[3, 4]"
1763,1763,"[5, 3]"
1764,1764,[5]
1765,1765,"[3, 6]"
1766,1766,[1]
1767,1767,[]
1768,1768,[5]
1769,1769,[5]
1770,1770,[5]
1771,1771,[3]
1772,1772,[2]
1773,1773,"[5, 3]"
1774,1774,[3]
1775,1775,"[5, 6]"
1776,1776,[2]
1777,1777,[1]
1778,1778,[3]
1779,1779,"[3, 4]"
1780,1780,"[5, 3, 4]"
1781,1781,[5]
1782,1782,[5]
1783,1783,[3]
1784,1784,[5]
1785,1785,"[5, 2]"
1786,1786,"[5, 3]"
1787,1787,[2]
1788,1788,[2]
1789,1789,[6]
1790,1790,[3]
1791,1791,"[5, 3]"
1792,1792,"[5, 3]"
1793,1793,[2]
1794,1794,[3]
1795,1795,[5]
1796,1796,[5]
1797,1797,[]
1798,1798,"[5, 2]"
1799,1799,"[5, 3, 4]"
1800,1800,[2]
1801,1801,"[5, 2]"
1802,1802,[2]
1803,1803,[4]
1804,1804,[4]
1805,1805,[2]
1806,1806,"[5, 2, 4]"
1807,1807,"[5, 3, 4]"
1808,1808,"[4, 1]"
1809,1809,[2]
1810,1810,"[5, 3]"
1811,1811,[3]
1812,1812,"[3, 4]"
1813,1813,"[2, 3]"
1814,1814,[2]
1815,1815,[5]
1816,1816,"[2, 4]"
1817,1817,[4]
1818,1818,"[5, 3]"
1819,1819,[1]
1820,1820,[5]
1821,1821,[2]
1822,1822,[5]
1823,1823,[5]
1824,1824,[5]
1825,1825,[5]
1826,1826,[5]
1827,1827,[5]
1828,1828,[3]
1829,1829,"[5, 2]"
1830,1830,[5]
1831,1831,[5]
1832,1832,[2]
1833,1833,"[5, 2]"
1834,1834,[2]
1835,1835,[3]
1836,1836,[3]
1837,1837,[2]
1838,1838,[2]
1839,1839,[2]
1840,1840,"[5, 2]"
1841,1841,[5]
1842,1842,"[5, 3]"
1843,1843,[3]
1844,1844,[3]
1845,1845,"[2, 3]"
1846,1846,[5]
1847,1847,[2]
1848,1848,"[5, 2]"
1849,1849,[3]
1850,1850,[2]
1851,1851,[3]
1852,1852,[2]
1853,1853,"[5, 2, 3, 4]"
1854,1854,[1]
1855,1855,[2]
1856,1856,[]
1857,1857,[5]
1858,1858,"[2, 4]"
1859,1859,[2]
1860,1860,[5]
1861,1861,[1]
1862,1862,"[5, 2]"
1863,1863,[5]
1864,1864,[3]
1865,1865,"[5, 3]"
1866,1866,[2]
1867,1867,"[3, 6]"
1868,1868,[5]
1869,1869,[4]
1870,1870,[4]
1871,1871,[3]
1872,1872,"[5, 3]"
1873,1873,[5]
1874,1874,"[5, 3]"
1875,1875,"[5, 6, 4]"
1876,1876,[2]
1877,1877,[5]
1878,1878,"[3, 4]"
1879,1879,[5]
1880,1880,"[5, 3]"
1881,1881,[5]
1882,1882,[5]
1883,1883,[4]
1884,1884,[3]
1885,1885,"[5, 3]"
1886,1886,[4]
1887,1887,[2]
1888,1888,"[5, 2]"
1889,1889,[2]
1890,1890,[3]
1891,1891,"[5, 3, 4]"
1892,1892,[3]
1893,1893,"[2, 4]"
1894,1894,[5]
1895,1895,[5]
1896,1896,[4]
1897,1897,[2]
1898,1898,[2]
1899,1899,[]
1900,1900,[3]
1901,1901,"[5, 3]"
1902,1902,[3]
1903,1903,[5]
1904,1904,[5]
1905,1905,[2]
1906,1906,[2]
1907,1907,[3]
1908,1908,"[3, 4]"
1909,1909,[3]
1910,1910,[5]
1911,1911,[6]
1912,1912,"[2, 3, 4]"
1913,1913,"[5, 3]"
1914,1914,[3]
1915,1915,[3]
1916,1916,[4]
1917,1917,"[5, 2]"
1918,1918,[3]
1919,1919,"[5, 3]"
1920,1920,[3]
1921,1921,"[5, 3]"
1922,1922,[3]
1923,1923,"[5, 6]"
1924,1924,[4]
1925,1925,"[5, 3]"
1926,1926,[1]
1927,1927,"[5, 3, 4]"
1928,1928,"[5, 2, 6]"
1929,1929,[1]
1930,1930,"[5, 2]"
1931,1931,"[5, 2]"
1932,1932,[3]
1933,1933,"[5, 6]"
1934,1934,[3]
1935,1935,[3]
1936,1936,[3]
1937,1937,"[5, 3]"
1938,1938,[2]
1939,1939,[4]
1940,1940,[5]
1941,1941,[5]
1942,1942,[2]
1943,1943,"[5, 3]"
1944,1944,[3]
1945,1945,"[5, 3]"
1946,1946,[3]
1947,1947,"[3, 4]"
1948,1948,[4]
1949,1949,[3]
1950,1950,[3]
1951,1951,[]
1952,1952,"[5, 2]"
1953,1953,[3]
1954,1954,[3]
1955,1955,[2]
1956,1956,[3]
1957,1957,"[5, 2, 3]"
1958,1958,[6]
1959,1959,[5]
1960,1960,"[2, 3, 4]"
1961,1961,"[2, 3]"
1962,1962,[3]
1963,1963,"[2, 3]"
1964,1964,[3]
1965,1965,[2]
1966,1966,[3]
1967,1967,[5]
1968,1968,"[2, 3, 4]"
1969,1969,[3]
1970,1970,"[5, 6]"
1971,1971,"[5, 2]"
1972,1972,"[5, 2, 3]"
1973,1973,"[5, 3, 6]"
1974,1974,[3]
1975,1975,"[3, 4]"
1976,1976,[5]
1977,1977,"[3, 6, 4]"
1978,1978,"[2, 4]"
1979,1979,[5]
1980,1980,"[5, 3]"
1981,1981,[1]
1982,1982,[4]
1983,1983,[4]
1984,1984,[5]
1985,1985,[4]
1986,1986,[3]
1987,1987,"[5, 2]"
1988,1988,[3]
1989,1989,"[2, 3]"
1990,1990,[3]
1991,1991,[5]
1992,1992,"[5, 2, 3, 1]"
1993,1993,"[5, 3]"
1994,1994,[3]
1995,1995,[3]
1996,1996,[2]
1997,1997,[3]
1998,1998,"[5, 2]"
1999,1999,"[3, 6]"
2000,2000,"[3, 4]"
2001,2001,[3]
2002,2002,"[5, 3]"
2003,2003,[1]
2004,2004,[2]
2005,2005,[5]
2006,2006,[3]
2007,2007,[5]
2008,2008,"[5, 2]"
2009,2009,[4]
2010,2010,[2]
2011,2011,[3]
2012,2012,[2]
2013,2013,[6]
2014,2014,[4]
2015,2015,[4]
2016,2016,"[2, 4]"
2017,2017,[2]
2018,2018,[5]
2019,2019,[5]
2020,2020,[5]
2021,2021,"[5, 3]"
2022,2022,[3]
2023,2023,[4]
2024,2024,[5]
2025,2025,"[5, 3]"
2026,2026,[3]
2027,2027,[4]
2028,2028,[5]
2029,2029,[3]
2030,2030,[2]
2031,2031,[3]
2032,2032,"[2, 4]"
2033,2033,[2]
2034,2034,"[5, 6]"
2035,2035,"[2, 3]"
2036,2036,[2]
2037,2037,[5]
2038,2038,[2]
2039,2039,[6]
2040,2040,"[5, 6]"
2041,2041,"[2, 4]"
2042,2042,[3]
2043,2043,"[5, 3]"
2044,2044,[5]
2045,2045,[3]
2046,2046,[5]
2047,2047,"[5, 3]"
2048,2048,"[3, 6]"
2049,2049,[5]
2050,2050,[6]
2051,2051,"[5, 1]"
2052,2052,[2]
2053,2053,[3]
2054,2054,[2]
2055,2055,"[5, 6]"
2056,2056,[3]
2057,2057,[3]
2058,2058,[5]
2059,2059,"[2, 3]"
2060,2060,[2]
2061,2061,[3]
2062,2062,[5]
2063,2063,[5]
2064,2064,"[5, 2, 1]"
2065,2065,"[6, 4]"
2066,2066,"[5, 2, 3, 4]"
2067,2067,"[5, 3]"
2068,2068,[2]
2069,2069,"[3, 4]"
2070,2070,[3]
2071,2071,"[5, 6]"
2072,2072,[2]
2073,2073,[5]
2074,2074,"[5, 3]"
2075,2075,[2]
2076,2076,"[5, 3]"
2077,2077,"[5, 3]"
2078,2078,[5]
2079,2079,"[2, 3]"
2080,2080,"[2, 4]"
2081,2081,"[2, 4]"
2082,2082,[3]
2083,2083,"[5, 2]"
2084,2084,"[5, 4]"
2085,2085,"[4, 1]"
2086,2086,[3]
2087,2087,[3]
2088,2088,[4]
2089,2089,"[5, 2]"
2090,2090,[2]
2091,2091,[2]
2092,2092,[3]
2093,2093,[5]
2094,2094,"[5, 3]"
2095,2095,[5]
2096,2096,"[5, 4]"
2097,2097,[5]
2098,2098,[5]
2099,2099,[5]
2100,2100,[6]
2101,2101,[4]
2102,2102,[3]
2103,2103,[1]
2104,2104,[2]
2105,2105,[6]
2106,2106,"[5, 2, 3]"
2107,2107,[6]
2108,2108,[5]
2109,2109,"[5, 3]"
2110,2110,[4]
2111,2111,[2]
2112,2112,[5]
2113,2113,"[3, 4]"
2114,2114,"[5, 3]"
2115,2115,[2]
2116,2116,[3]
2117,2117,[3]
2118,2118,"[5, 2]"
2119,2119,[3]
2120,2120,[3]
2121,2121,[4]
2122,2122,[2]
2123,2123,[3]
2124,2124,"[5, 6]"
2125,2125,[5]
2126,2126,[2]
2127,2127,[5]
2128,2128,[2]
2129,2129,"[5, 3]"
2130,2130,[5]
2131,2131,[5]
2132,2132,[2]
2133,2133,"[5, 3]"
2134,2134,"[3, 6]"
2135,2135,[3]
2136,2136,[5]
2137,2137,[5]
2138,2138,[4]
2139,2139,[5]
2140,2140,[2]
2141,2141,[2]
2142,2142,[3]
2143,2143,[2]
2144,2144,[5]
2145,2145,"[5, 2, 3]"
2146,2146,[1]
2147,2147,[3]
2148,2148,"[2, 3]"
2149,2149,[5]
2150,2150,[4]
2151,2151,[2]
2152,2152,"[5, 2, 4]"
2153,2153,"[5, 2, 4]"
2154,2154,[5]
2155,2155,[1]
2156,2156,[2]
2157,2157,[2]
2158,2158,[3]
2159,2159,[3]
2160,2160,[5]
2161,2161,"[3, 4]"
2162,2162,[5]
2163,2163,"[5, 2]"
2164,2164,[5]
2165,2165,[5]
2166,2166,[5]
2167,2167,[2]
2168,2168,"[5, 3]"
2169,2169,[2]
2170,2170,[5]
2171,2171,[2]
2172,2172,[3]
2173,2173,[4]
2174,2174,[]
2175,2175,[5]
2176,2176,"[5, 3]"
2177,2177,[]
2178,2178,[5]
2179,2179,[5]
2180,2180,[3]
2181,2181,[2]
2182,2182,"[5, 6]"
2183,2183,"[5, 3]"
2184,2184,[3]
2185,2185,[5]
2186,2186,"[5, 2]"
2187,2187,[4]
2188,2188,[3]
2189,2189,[5]
2190,2190,"[5, 2]"
2191,2191,[3]
2192,2192,[2]
2193,2193,[4]
2194,2194,[5]
2195,2195,[3]
2196,2196,[2]
2197,2197,[2]
2198,2198,[4]
2199,2199,[2]
2200,2200,[2]
2201,2201,[2]
2202,2202,[5]
2203,2203,[3]
2204,2204,[3]
2205,2205,"[2, 3, 4]"
2206,2206,"[5, 3]"
2207,2207,[3]
2208,2208,[5]
2209,2209,"[2, 3]"
2210,2210,[3]
2211,2211,[2]
2212,2212,"[5, 6]"
2213,2213,[5]
2214,2214,[5]
2215,2215,[5]
2216,2216,"[5, 2]"
2217,2217,[3]
2218,2218,"[5, 3]"
2219,2219,[3]
2220,2220,"[5, 6]"
2221,2221,[1]
2222,2222,[5]
2223,2223,[3]
2224,2224,"[3, 4]"
2225,2225,"[5, 3, 6]"
2226,2226,[3]
2227,2227,[3]
2228,2228,"[5, 3]"
2229,2229,[2]
2230,2230,[5]
2231,2231,[3]
2232,2232,[3]
2233,2233,[2]
2234,2234,[3]
2235,2235,"[5, 3]"
2236,2236,"[5, 3, 6]"
2237,2237,"[5, 1]"
2238,2238,[3]
2239,2239,[3]
2240,2240,"[2, 6]"
2241,2241,[5]
2242,2242,[3]
2243,2243,[3]
2244,2244,"[5, 3, 1]"
2245,2245,[5]
2246,2246,[2]
2247,2247,[3]
2248,2248,"[5, 6]"
2249,2249,[3]
2250,2250,[3]
2251,2251,[1]
2252,2252,[2]
2253,2253,[3]
2254,2254,"[4, 1]"
2255,2255,[5]
2256,2256,[2]
2257,2257,"[5, 2]"
2258,2258,"[5, 3, 4]"
2259,2259,[5]
2260,2260,"[5, 3]"
2261,2261,[3]
2262,2262,[]
2263,2263,[1]
2264,2264,[2]
2265,2265,"[5, 3]"
2266,2266,"[5, 3, 6]"
2267,2267,[3]
2268,2268,"[5, 3]"
2269,2269,"[5, 6]"
2270,2270,[3]
2271,2271,"[5, 3]"
2272,2272,"[2, 4]"
2273,2273,[1]
2274,2274,"[5, 2, 3]"
2275,2275,[2]
2276,2276,[4]
2277,2277,[4]
2278,2278,[5]
2279,2279,[5]
2280,2280,[6]
2281,2281,[2]
2282,2282,[3]
2283,2283,"[5, 3, 4]"
2284,2284,[2]
2285,2285,"[2, 4]"
2286,2286,"[5, 3]"
2287,2287,"[5, 2]"
2288,2288,"[5, 4]"
2289,2289,[]
2290,2290,[2]
2291,2291,[2]
2292,2292,[5]
2293,2293,"[5, 2, 3]"
2294,2294,"[5, 2]"
2295,2295,[3]
2296,2296,[4]
2297,2297,"[5, 3, 6]"
2298,2298,[2]
2299,2299,[5]
2300,2300,[5]
2301,2301,[5]
2302,2302,[1]
2303,2303,[5]
2304,2304,[3]
2305,2305,[3]
2306,2306,"[5, 3]"
2307,2307,[2]
2308,2308,[5]
2309,2309,"[3, 4]"
2310,2310,[3]
2311,2311,[2]
2312,2312,[2]
2313,2313,[1]
2314,2314,"[2, 3]"
2315,2315,[2]
2316,2316,"[5, 3]"
2317,2317,"[5, 2, 3]"
2318,2318,"[5, 3]"
2319,2319,[]
2320,2320,"[5, 3]"
2321,2321,[5]
2322,2322,[5]
2323,2323,"[5, 3]"
2324,2324,"[5, 3]"
2325,2325,[5]
2326,2326,[5]
2327,2327,"[5, 3]"
2328,2328,[2]
2329,2329,"[5, 2]"
2330,2330,[1]
2331,2331,[2]
2332,2332,"[5, 3]"
2333,2333,"[3, 6]"
2334,2334,"[2, 3]"
2335,2335,"[3, 4]"
2336,2336,[2]
2337,2337,"[5, 2]"
2338,2338,"[5, 3, 4]"
2339,2339,[2]
2340,2340,[5]
2341,2341,"[5, 3]"
2342,2342,"[2, 3]"
2343,2343,[3]
2344,2344,"[5, 3]"
2345,2345,[2]
2346,2346,[3]
2347,2347,"[5, 2, 4]"
2348,2348,[2]
2349,2349,[5]
2350,2350,[5]
2351,2351,"[4, 1]"
2352,2352,[4]
2353,2353,[2]
2354,2354,[5]
2355,2355,[1]
2356,2356,[6]
2357,2357,"[5, 3]"
2358,2358,"[5, 4]"
2359,2359,[2]
2360,2360,[5]
2361,2361,[5]
2362,2362,[4]
2363,2363,"[5, 3]"
2364,2364,"[5, 2, 3]"
2365,2365,"[5, 2, 4]"
2366,2366,[2]
2367,2367,"[5, 2]"
2368,2368,[2]
2369,2369,[3]
2370,2370,"[5, 3]"
2371,2371,[5]
2372,2372,[2]
2373,2373,[4]
2374,2374,"[5, 3]"
2375,2375,[6]
2376,2376,[]
2377,2377,[5]
2378,2378,[3]
2379,2379,[5]
2380,2380,[3]
2381,2381,[2]
2382,2382,[5]
2383,2383,"[5, 6]"
2384,2384,[5]
2385,2385,"[5, 2]"
2386,2386,[2]
2387,2387,[2]
2388,2388,[5]
2389,2389,[3]
2390,2390,[5]
2391,2391,[3]
2392,2392,[3]
2393,2393,"[5, 3]"
2394,2394,[4]
2395,2395,[2]
2396,2396,[5]
2397,2397,[4]
2398,2398,"[2, 4, 1]"
2399,2399,[4]
2400,2400,"[5, 3]"
2401,2401,[6]
2402,2402,[4]
2403,2403,[2]
2404,2404,"[5, 3]"
2405,2405,[3]
2406,2406,[5]
2407,2407,[1]
2408,2408,"[2, 3]"
2409,2409,[3]
2410,2410,[3]
2411,2411,[]
2412,2412,"[5, 3, 4]"
2413,2413,[2]
2414,2414,"[5, 3]"
2415,2415,[2]
2416,2416,"[5, 6]"
2417,2417,[2]
2418,2418,"[5, 2]"
2419,2419,[5]
2420,2420,[3]
2421,2421,[2]
2422,2422,[5]
2423,2423,[3]
2424,2424,[4]
2425,2425,[3]
2426,2426,[5]
2427,2427,"[5, 3]"
2428,2428,[3]
2429,2429,[3]
2430,2430,[5]
2431,2431,[3]
2432,2432,"[5, 4]"
2433,2433,[3]
2434,2434,"[5, 3]"
2435,2435,[5]
2436,2436,"[5, 2]"
2437,2437,[5]
2438,2438,[4]
2439,2439,[5]
2440,2440,[1]
2441,2441,[5]
2442,2442,[2]
2443,2443,"[5, 3]"
2444,2444,[3]
2445,2445,[5]
2446,2446,[2]
2447,2447,[3]
2448,2448,"[3, 1]"
2449,2449,[3]
2450,2450,[5]
2451,2451,[2]
2452,2452,[2]
2453,2453,[2]
2454,2454,[2]
2455,2455,"[5, 3]"
2456,2456,[2]
2457,2457,[4]
2458,2458,[2]
2459,2459,[2]
2460,2460,[3]
2461,2461,"[5, 3]"
2462,2462,[5]
2463,2463,[5]
2464,2464,[3]
2465,2465,[3]
2466,2466,[5]
2467,2467,[2]
2468,2468,[3]
2469,2469,[3]
2470,2470,[2]
2471,2471,"[5, 2]"
2472,2472,[3]
2473,2473,[2]
2474,2474,"[2, 3]"
2475,2475,"[5, 2]"
2476,2476,[2]
2477,2477,[3]
2478,2478,[3]
2479,2479,"[5, 3]"
2480,2480,[2]
2481,2481,"[3, 6]"
2482,2482,"[5, 2, 3]"
2483,2483,[5]
2484,2484,"[3, 4]"
2485,2485,[5]
2486,2486,[4]
2487,2487,[4]
2488,2488,[2]
2489,2489,[3]
2490,2490,[2]
2491,2491,[5]
2492,2492,"[5, 6]"
2493,2493,[2]
2494,2494,[5]
2495,2495,[3]
2496,2496,[3]
2497,2497,"[2, 3]"
2498,2498,"[5, 3]"
2499,2499,[]
2500,2500,[3]
2501,2501,[1]
2502,2502,[5]
2503,2503,"[2, 4]"
2504,2504,[2]
2505,2505,[5]
2506,2506,[1]
2507,2507,[5]
2508,2508,[5]
2509,2509,[2]
2510,2510,[2]
2511,2511,[5]
2512,2512,[2]
2513,2513,[5]
2514,2514,[5]
2515,2515,"[5, 2]"
2516,2516,"[5, 3]"
2517,2517,[4]
2518,2518,[5]
2519,2519,[5]
2520,2520,[5]
2521,2521,[2]
2522,2522,[5]
2523,2523,[2]
2524,2524,"[5, 4]"
2525,2525,"[5, 3, 4]"
2526,2526,[]
2527,2527,[3]
2528,2528,"[5, 3]"
2529,2529,[5]
2530,2530,[5]
2531,2531,[3]
2532,2532,[2]
2533,2533,[1]
2534,2534,[2]
2535,2535,"[2, 6]"
2536,2536,[5]
2537,2537,"[5, 3]"
2538,2538,[2]
2539,2539,"[3, 4]"
2540,2540,[3]
2541,2541,[4]
2542,2542,[2]
2543,2543,[5]
2544,2544,[5]
2545,2545,[1]
2546,2546,[4]
2547,2547,[2]
2548,2548,[5]
2549,2549,[5]
2550,2550,[2]
2551,2551,[3]
2552,2552,"[2, 1]"
2553,2553,[4]
2554,2554,[3]
2555,2555,[5]
2556,2556,[5]
2557,2557,"[5, 3]"
2558,2558,[4]
2559,2559,"[3, 4]"
2560,2560,[5]
2561,2561,[4]
2562,2562,[3]
2563,2563,"[2, 3]"
2564,2564,[3]
2565,2565,"[5, 3, 4]"
2566,2566,"[5, 6]"
2567,2567,[5]
2568,2568,[2]
2569,2569,[2]
2570,2570,"[5, 2, 3]"
2571,2571,"[2, 3, 4]"
2572,2572,[3]
2573,2573,[3]
2574,2574,[5]
2575,2575,[3]
2576,2576,[5]
2577,2577,[2]
2578,2578,[]
2579,2579,"[5, 3, 6, 4]"
2580,2580,[5]
2581,2581,"[5, 2, 3]"
2582,2582,[2]
2583,2583,[5]
2584,2584,[5]
2585,2585,"[3, 4]"
2586,2586,"[5, 3]"
2587,2587,"[5, 3]"
2588,2588,[2]
2589,2589,"[3, 6]"
2590,2590,[4]
2591,2591,[3]
2592,2592,[5]
2593,2593,[4]
2594,2594,[4]
2595,2595,"[5, 3]"
2596,2596,[3]
2597,2597,[2]
2598,2598,[5]
2599,2599,[5]
2600,2600,[2]
2601,2601,[3]
2602,2602,[4]
2603,2603,"[5, 6]"
2604,2604,[5]
2605,2605,[5]
2606,2606,[5]
2607,2607,[2]
2608,2608,[]
2609,2609,[2]
2610,2610,"[5, 2]"
2611,2611,"[2, 3]"
2612,2612,[3]
2613,2613,[5]
2614,2614,"[5, 2, 3, 4]"
2615,2615,[2]
2616,2616,[4]
2617,2617,[5]
2618,2618,[1]
2619,2619,[4]
2620,2620,"[5, 2]"
2621,2621,"[5, 6]"
2622,2622,"[5, 3]"
2623,2623,"[5, 3]"
2624,2624,[2]
2625,2625,[5]
2626,2626,[3]
2627,2627,[5]
2628,2628,"[3, 1]"
2629,2629,[2]
2630,2630,"[5, 3]"
2631,2631,[3]
2632,2632,"[2, 3, 4]"
2633,2633,[3]
2634,2634,[2]
2635,2635,[2]
2636,2636,[3]
2637,2637,[5]
2638,2638,[3]
2639,2639,[3]
2640,2640,[5]
2641,2641,[5]
2642,2642,[3]
2643,2643,[3]
2644,2644,"[5, 3]"
2645,2645,[3]
2646,2646,[5]
2647,2647,[2]
2648,2648,"[5, 3]"
2649,2649,[5]
2650,2650,"[5, 2, 3]"
2651,2651,[2]
2652,2652,"[5, 2, 3]"
2653,2653,[3]
2654,2654,[3]
2655,2655,[5]
2656,2656,"[3, 4]"
2657,2657,[3]
2658,2658,[5]
2659,2659,[5]
2660,2660,[3]
2661,2661,[2]
2662,2662,[5]
2663,2663,[1]
2664,2664,[2]
2665,2665,[3]
2666,2666,[3]
2667,2667,[3]
2668,2668,"[2, 3]"
2669,2669,"[5, 2]"
2670,2670,[2]
2671,2671,"[5, 2]"
2672,2672,[3]
2673,2673,[5]
2674,2674,"[5, 3, 6]"
2675,2675,[5]
2676,2676,"[5, 3]"
2677,2677,[3]
2678,2678,[5]
2679,2679,[4]
2680,2680,[5]
2681,2681,"[5, 3]"
2682,2682,[5]
2683,2683,[3]
2684,2684,[1]
2685,2685,[3]
2686,2686,"[5, 1]"
2687,2687,[3]
2688,2688,"[5, 3]"
2689,2689,[5]
2690,2690,"[2, 4]"
2691,2691,[5]
2692,2692,[5]
2693,2693,[6]
2694,2694,"[5, 3]"
2695,2695,[3]
2696,2696,[5]
2697,2697,"[5, 6]"
2698,2698,[4]
2699,2699,"[5, 3]"
2700,2700,[2]
2701,2701,[5]
2702,2702,[2]
2703,2703,[5]
2704,2704,[2]
2705,2705,[3]
2706,2706,"[5, 2]"
2707,2707,[5]
2708,2708,[2]
2709,2709,[1]
2710,2710,"[5, 3]"
2711,2711,"[5, 3]"
2712,2712,[3]
2713,2713,[1]
2714,2714,[1]
2715,2715,[4]
2716,2716,[1]
2717,2717,"[2, 3, 4]"
2718,2718,[5]
2719,2719,"[2, 3]"
2720,2720,[3]
2721,2721,[3]
2722,2722,[2]
2723,2723,"[5, 3]"
2724,2724,"[3, 4]"
2725,2725,"[5, 6]"
2726,2726,"[5, 3, 6]"
2727,2727,[3]
2728,2728,[4]
2729,2729,"[3, 4]"
2730,2730,[5]
2731,2731,"[5, 2, 3]"
2732,2732,[3]
2733,2733,"[3, 6]"
2734,2734,"[5, 3]"
2735,2735,[5]
2736,2736,[5]
2737,2737,[4]
2738,2738,[3]
2739,2739,[2]
2740,2740,[3]
2741,2741,[4]
2742,2742,[5]
2743,2743,"[5, 6]"
2744,2744,"[5, 3]"
2745,2745,[3]
2746,2746,[5]
2747,2747,[1]
2748,2748,"[2, 3]"
2749,2749,[5]
2750,2750,"[5, 3]"
2751,2751,"[5, 3]"
2752,2752,[5]
2753,2753,[5]
2754,2754,[3]
2755,2755,[5]
2756,2756,[1]
2757,2757,"[4, 1]"
2758,2758,"[2, 4]"
2759,2759,[3]
2760,2760,[5]
2761,2761,[5]
2762,2762,[3]
2763,2763,[5]
2764,2764,"[5, 2]"
2765,2765,[3]
2766,2766,[1]
2767,2767,"[5, 6]"
2768,2768,[5]
2769,2769,[5]
2770,2770,"[5, 3]"
2771,2771,[5]
2772,2772,"[5, 2, 3]"
2773,2773,[5]
2774,2774,[4]
2775,2775,"[5, 6]"
2776,2776,[4]
2777,2777,"[2, 4]"
2778,2778,"[5, 2]"
2779,2779,[5]
2780,2780,[2]
2781,2781,[1]
2782,2782,"[5, 3]"
2783,2783,"[5, 3]"
2784,2784,[2]
2785,2785,[5]
2786,2786,[5]
2787,2787,"[2, 3]"
2788,2788,[2]
2789,2789,[5]
2790,2790,[5]
2791,2791,[5]
2792,2792,[2]
2793,2793,[1]
2794,2794,[3]
2795,2795,"[5, 3]"
2796,2796,[5]
2797,2797,[5]
2798,2798,[3]
2799,2799,[3]
2800,2800,"[3, 4]"
2801,2801,[3]
2802,2802,"[4, 1]"
2803,2803,[2]
2804,2804,[2]
2805,2805,"[5, 3, 4]"
2806,2806,[4]
2807,2807,[5]
2808,2808,[3]
2809,2809,[5]
2810,2810,[4]
2811,2811,"[5, 2, 4]"
2812,2812,"[5, 3]"
2813,2813,[4]
2814,2814,"[5, 3]"
2815,2815,[3]
2816,2816,[5]
2817,2817,[5]
2818,2818,[3]
2819,2819,[3]
2820,2820,[3]
2821,2821,"[5, 3, 6]"
2822,2822,"[5, 2, 3]"
2823,2823,"[5, 2]"
2824,2824,[3]
2825,2825,[5]
2826,2826,"[5, 3]"
2827,2827,[2]
2828,2828,[5]
2829,2829,[2]
2830,2830,"[5, 6]"
2831,2831,[4]
2832,2832,[6]
2833,2833,[4]
2834,2834,[2]
2835,2835,[4]
2836,2836,"[5, 3]"
2837,2837,[6]
2838,2838,[5]
2839,2839,[5]
2840,2840,[5]
2841,2841,[3]
2842,2842,"[5, 3]"
2843,2843,"[5, 3]"
2844,2844,[2]
2845,2845,"[5, 3]"
2846,2846,"[5, 6]"
2847,2847,[]
2848,2848,"[5, 2]"
2849,2849,[4]
2850,2850,"[5, 3]"
2851,2851,[3]
2852,2852,[3]
2853,2853,[2]
2854,2854,[5]
2855,2855,[5]
2856,2856,[2]
2857,2857,[3]
2858,2858,[4]
2859,2859,[5]
2860,2860,"[5, 3]"
2861,2861,[2]
2862,2862,[2]
2863,2863,[3]
2864,2864,[3]
2865,2865,[3]
2866,2866,[3]
2867,2867,"[2, 4]"
2868,2868,"[5, 3]"
2869,2869,[2]
2870,2870,"[3, 4]"
2871,2871,[2]
2872,2872,[3]
2873,2873,"[5, 3]"
2874,2874,[3]
2875,2875,"[5, 3, 6]"
2876,2876,[3]
2877,2877,"[5, 3]"
2878,2878,[4]
2879,2879,"[5, 6]"
2880,2880,[3]
2881,2881,[3]
2882,2882,[4]
2883,2883,"[5, 2, 3]"
2884,2884,[3]
2885,2885,"[5, 2, 3, 1]"
2886,2886,"[5, 3, 4]"
2887,2887,[2]
2888,2888,"[5, 3, 4]"
2889,2889,"[3, 6]"
2890,2890,[1]
2891,2891,[4]
2892,2892,"[5, 3]"
2893,2893,[3]
2894,2894,[4]
2895,2895,"[5, 2]"
2896,2896,"[2, 4]"
2897,2897,"[5, 3]"
2898,2898,"[5, 2]"
2899,2899,[3]
2900,2900,[3]
2901,2901,[3]
2902,2902,[5]
2903,2903,[5]
2904,2904,"[5, 3]"
2905,2905,[5]
2906,2906,"[5, 3]"
2907,2907,[1]
2908,2908,"[5, 3]"
2909,2909,"[5, 2]"
2910,2910,"[5, 3]"
2911,2911,"[5, 6]"
2912,2912,[1]
2913,2913,[4]
2914,2914,"[5, 3]"
2915,2915,"[2, 4]"
2916,2916,"[3, 1]"
2917,2917,"[5, 3, 4]"
2918,2918,[4]
2919,2919,[3]
2920,2920,[1]
2921,2921,[3]
2922,2922,"[5, 3]"
2923,2923,[2]
2924,2924,[1]
2925,2925,"[5, 2, 3]"
2926,2926,[6]
2927,2927,"[5, 2]"
2928,2928,[6]
2929,2929,[5]
2930,2930,[3]
2931,2931,[3]
2932,2932,[2]
2933,2933,[5]
2934,2934,"[3, 6]"
2935,2935,[3]
2936,2936,[4]
2937,2937,[3]
2938,2938,"[5, 2, 3]"
2939,2939,"[5, 2]"
2940,2940,[2]
2941,2941,"[5, 2]"
2942,2942,[5]
2943,2943,[3]
2944,2944,[4]
2945,2945,[3]
2946,2946,[4]
2947,2947,[3]
2948,2948,[2]
2949,2949,[4]
2950,2950,[3]
2951,2951,[2]
2952,2952,[5]
2953,2953,[5]
2954,2954,[5]
2955,2955,"[5, 3]"
2956,2956,[2]
2957,2957,"[5, 2]"
2958,2958,[2]
2959,2959,[5]
2960,2960,[3]
2961,2961,[1]
2962,2962,[2]
2963,2963,[5]
2964,2964,[4]
2965,2965,[4]
2966,2966,[3]
2967,2967,[3]
2968,2968,"[5, 3]"
2969,2969,[5]
2970,2970,[4]
2971,2971,[5]
2972,2972,[5]
2973,2973,"[2, 3]"
2974,2974,[3]
2975,2975,[3]
2976,2976,[2]
2977,2977,"[5, 3]"
2978,2978,[1]
2979,2979,"[5, 2]"
2980,2980,[5]
2981,2981,[4]
2982,2982,[5]
2983,2983,[2]
2984,2984,[6]
2985,2985,"[5, 3]"
2986,2986,"[5, 3]"
2987,2987,[5]
2988,2988,"[2, 3]"
2989,2989,[5]
2990,2990,[5]
2991,2991,[5]
2992,2992,[5]
2993,2993,[5]
2994,2994,[5]
2995,2995,"[5, 3]"
2996,2996,[3]
2997,2997,[5]
2998,2998,[2]
2999,2999,[2]
3000,3000,[2]
3001,3001,[5]
3002,3002,"[5, 3]"
3003,3003,[5]
3004,3004,[3]
3005,3005,"[3, 6]"
3006,3006,[4]
3007,3007,"[5, 6, 4]"
3008,3008,[5]
3009,3009,[3]
3010,3010,[5]
3011,3011,"[5, 3]"
3012,3012,[5]
3013,3013,[5]
3014,3014,[2]
3015,3015,[4]
3016,3016,[3]
3017,3017,[4]
3018,3018,[3]
3019,3019,[3]
3020,3020,"[5, 3]"
3021,3021,[3]
3022,3022,[4]
3023,3023,[5]
3024,3024,"[2, 3]"
3025,3025,[5]
3026,3026,[2]
3027,3027,"[5, 3]"
3028,3028,[3]
3029,3029,[4]
3030,3030,[2]
3031,3031,[1]
3032,3032,[3]
3033,3033,[5]
3034,3034,[5]
3035,3035,"[5, 3]"
3036,3036,[3]
3037,3037,[3]
3038,3038,"[5, 6]"
3039,3039,[2]
3040,3040,"[5, 2]"
3041,3041,"[2, 3]"
3042,3042,[5]
3043,3043,[2]
3044,3044,[5]
3045,3045,"[5, 2, 4]"
3046,3046,[3]
3047,3047,[5]
3048,3048,"[2, 3]"
3049,3049,"[5, 3, 4]"
3050,3050,[5]
3051,3051,[3]
3052,3052,"[5, 4]"
3053,3053,"[5, 3]"
3054,3054,[5]
3055,3055,[5]
3056,3056,[2]
3057,3057,[5]
3058,3058,[6]
3059,3059,[3]
3060,3060,[3]
3061,3061,[5]
3062,3062,[2]
3063,3063,[5]
3064,3064,[3]
3065,3065,"[5, 2]"
3066,3066,[3]
3067,3067,[6]
3068,3068,[2]
3069,3069,[5]
3070,3070,[2]
3071,3071,[2]
3072,3072,"[2, 4]"
3073,3073,[5]
3074,3074,[3]
3075,3075,[2]
3076,3076,"[5, 2]"
3077,3077,[5]
3078,3078,[5]
3079,3079,"[5, 3, 4]"
3080,3080,[3]
3081,3081,"[5, 2]"
3082,3082,[5]
3083,3083,[3]
3084,3084,[2]
3085,3085,[2]
3086,3086,[]
3087,3087,[3]
3088,3088,"[5, 2]"
3089,3089,[5]
3090,3090,[3]
3091,3091,"[5, 2, 3]"
3092,3092,[5]
3093,3093,[5]
3094,3094,[6]
3095,3095,[4]
3096,3096,[4]
3097,3097,[2]
3098,3098,[4]
3099,3099,"[5, 6]"
3100,3100,[5]
3101,3101,"[5, 3]"
3102,3102,"[5, 2, 1]"
3103,3103,[3]
3104,3104,[3]
3105,3105,[4]
3106,3106,[3]
3107,3107,"[5, 3]"
3108,3108,[5]
3109,3109,[5]
3110,3110,"[5, 3]"
3111,3111,[2]
3112,3112,"[2, 3]"
3113,3113,[4]
3114,3114,[3]
3115,3115,[2]
3116,3116,"[5, 6]"
3117,3117,"[3, 6, 4]"
3118,3118,[6]
3119,3119,[2]
3120,3120,[6]
3121,3121,[6]
3122,3122,"[5, 1]"
3123,3123,[3]
3124,3124,[3]
3125,3125,[5]
3126,3126,[6]
3127,3127,[5]
3128,3128,"[5, 3]"
3129,3129,[2]
3130,3130,"[2, 1]"
3131,3131,"[5, 2]"
3132,3132,[1]
3133,3133,[4]
3134,3134,[3]
3135,3135,"[5, 2, 3, 4, 1]"
3136,3136,[5]
3137,3137,[]
3138,3138,[4]
3139,3139,[4]
3140,3140,"[3, 6]"
3141,3141,[3]
3142,3142,"[3, 4]"
3143,3143,"[5, 2, 6, 4]"
3144,3144,[2]
3145,3145,[5]
3146,3146,[3]
3147,3147,"[5, 3]"
3148,3148,[3]
3149,3149,[5]
3150,3150,"[5, 3]"
3151,3151,"[5, 4]"
3152,3152,[3]
3153,3153,"[5, 2, 1]"
3154,3154,"[5, 6]"
3155,3155,"[2, 4]"
3156,3156,[3]
3157,3157,"[5, 3]"
3158,3158,[5]
3159,3159,"[5, 2]"
3160,3160,[5]
3161,3161,[5]
3162,3162,[5]
3163,3163,"[5, 3, 4, 1]"
3164,3164,"[5, 2, 4]"
3165,3165,[3]
3166,3166,"[5, 3]"
3167,3167,[2]
3168,3168,[6]
3169,3169,"[5, 3]"
3170,3170,[5]
3171,3171,"[5, 4]"
3172,3172,[3]
3173,3173,[3]
3174,3174,"[2, 4, 1]"
3175,3175,"[5, 3]"
3176,3176,[4]
3177,3177,[1]
3178,3178,[4]
3179,3179,[2]
3180,3180,[5]
3181,3181,[2]
3182,3182,"[3, 4]"
3183,3183,[2]
3184,3184,[2]
3185,3185,[2]
3186,3186,[5]
3187,3187,[2]
3188,3188,[5]
3189,3189,[2]
3190,3190,"[5, 3]"
3191,3191,[3]
3192,3192,"[5, 3, 6]"
3193,3193,[3]
3194,3194,"[5, 2, 3]"
3195,3195,"[5, 3]"
3196,3196,"[5, 1]"
3197,3197,[5]
3198,3198,[4]
3199,3199,[2]
3200,3200,[5]
3201,3201,[4]
3202,3202,[3]
3203,3203,[1]
3204,3204,[4]
3205,3205,[3]
3206,3206,"[2, 3, 4]"
3207,3207,[3]
3208,3208,[5]
3209,3209,"[5, 2]"
3210,3210,[3]
3211,3211,[2]
3212,3212,"[5, 6]"
3213,3213,[5]
3214,3214,[5]
3215,3215,[2]
3216,3216,[5]
3217,3217,[5]
3218,3218,[5]
3219,3219,[2]
3220,3220,"[2, 3]"
3221,3221,[3]
3222,3222,[3]
3223,3223,"[2, 3]"
3224,3224,[3]
3225,3225,"[5, 2]"
3226,3226,[5]
3227,3227,"[2, 3]"
3228,3228,[5]
3229,3229,[2]
3230,3230,[3]
3231,3231,[5]
3232,3232,"[3, 6]"
3233,3233,[5]
3234,3234,[5]
3235,3235,[]
3236,3236,"[5, 3]"
3237,3237,[5]
3238,3238,[5]
3239,3239,[5]
3240,3240,"[2, 3]"
3241,3241,"[5, 2]"
3242,3242,"[4, 1]"
3243,3243,[]
3244,3244,"[2, 3, 6]"
3245,3245,"[3, 6]"
3246,3246,"[5, 2, 3]"
3247,3247,[5]
3248,3248,[5]
3249,3249,"[5, 3, 6]"
3250,3250,[3]
3251,3251,[3]
3252,3252,[5]
3253,3253,[3]
3254,3254,[3]
3255,3255,[3]
3256,3256,"[5, 2]"
3257,3257,[3]
3258,3258,"[5, 3, 4]"
3259,3259,[4]
3260,3260,[3]
3261,3261,[5]
3262,3262,[5]
3263,3263,"[5, 2]"
3264,3264,"[5, 2]"
3265,3265,"[2, 3]"
3266,3266,[5]
3267,3267,[2]
3268,3268,[4]
3269,3269,[3]
3270,3270,[5]
3271,3271,[5]
3272,3272,"[5, 2]"
3273,3273,"[5, 4]"
3274,3274,[1]
3275,3275,"[2, 3]"
3276,3276,[3]
3277,3277,[2]
3278,3278,[5]
3279,3279,[5]
3280,3280,[5]
3281,3281,"[5, 2, 3, 1]"
3282,3282,[3]
3283,3283,[5]
3284,3284,"[5, 3]"
3285,3285,[5]
3286,3286,"[5, 1]"
3287,3287,[5]
3288,3288,[3]
3289,3289,[2]
3290,3290,"[5, 3]"
3291,3291,[3]
3292,3292,[4]
3293,3293,"[5, 3, 4]"
3294,3294,[5]
3295,3295,[2]
3296,3296,[5]
3297,3297,"[5, 3, 6]"
3298,3298,"[5, 2]"
3299,3299,[2]
3300,3300,[2]
3301,3301,[]
3302,3302,[5]
3303,3303,[3]
3304,3304,"[5, 2, 3]"
3305,3305,[2]
3306,3306,[2]
3307,3307,[3]
3308,3308,[2]
3309,3309,[3]
3310,3310,[3]
3311,3311,[5]
3312,3312,"[2, 4]"
3313,3313,[2]
3314,3314,[2]
3315,3315,[4]
3316,3316,[3]
3317,3317,[2]
3318,3318,[6]
3319,3319,[3]
3320,3320,[3]
3321,3321,"[5, 2, 3]"
3322,3322,"[5, 4]"
3323,3323,[5]
3324,3324,[]
3325,3325,"[2, 3]"
3326,3326,[5]
3327,3327,"[5, 2]"
3328,3328,[3]
3329,3329,[2]
3330,3330,[4]
3331,3331,"[3, 4]"
3332,3332,[2]
3333,3333,"[5, 3]"
3334,3334,[2]
3335,3335,[3]
3336,3336,[3]
3337,3337,"[3, 4]"
3338,3338,[2]
3339,3339,[3]
3340,3340,"[3, 4]"
3341,3341,[3]
3342,3342,[3]
3343,3343,[3]
3344,3344,[3]
3345,3345,[3]
3346,3346,[5]
3347,3347,"[5, 3]"
3348,3348,[5]
3349,3349,[2]
3350,3350,"[3, 6, 4]"
3351,3351,"[5, 2, 3, 4]"
3352,3352,[3]
3353,3353,"[5, 3]"
3354,3354,[3]
3355,3355,"[5, 3]"
3356,3356,[5]
3357,3357,"[3, 6]"
3358,3358,"[5, 6]"
3359,3359,[3]
3360,3360,[4]
3361,3361,[2]
3362,3362,"[5, 3]"
3363,3363,[3]
3364,3364,[5]
3365,3365,"[5, 3]"
3366,3366,"[3, 6]"
3367,3367,[2]
3368,3368,[2]
3369,3369,[5]
3370,3370,[2]
3371,3371,[5]
3372,3372,[5]
3373,3373,"[5, 6]"
3374,3374,[5]
3375,3375,"[5, 3]"
3376,3376,"[5, 2]"
3377,3377,"[5, 2, 6]"
3378,3378,[4]
3379,3379,[3]
3380,3380,[2]
3381,3381,[6]
3382,3382,"[2, 4]"
3383,3383,[5]
3384,3384,[2]
3385,3385,"[5, 3]"
3386,3386,[4]
3387,3387,"[5, 3]"
3388,3388,[2]
3389,3389,[5]
3390,3390,[6]
3391,3391,[3]
3392,3392,"[2, 3, 4]"
3393,3393,[3]
3394,3394,[5]
3395,3395,[3]
3396,3396,"[5, 3]"
3397,3397,[3]
3398,3398,[3]
3399,3399,"[5, 3, 4]"
3400,3400,"[5, 2]"
3401,3401,[2]
3402,3402,[5]
3403,3403,[5]
3404,3404,[3]
3405,3405,[2]
3406,3406,[4]
3407,3407,[6]
3408,3408,[5]
3409,3409,"[5, 2, 1]"
3410,3410,[4]
3411,3411,[5]
3412,3412,[5]
3413,3413,[1]
3414,3414,[3]
3415,3415,[5]
3416,3416,"[2, 3]"
3417,3417,[3]
3418,3418,[5]
3419,3419,[3]
3420,3420,"[5, 3]"
3421,3421,[3]
3422,3422,"[5, 2]"
3423,3423,[5]
3424,3424,[4]
3425,3425,[5]
3426,3426,"[5, 3]"
3427,3427,[3]
3428,3428,[4]
3429,3429,[2]
3430,3430,[2]
3431,3431,"[5, 6]"
3432,3432,[2]
3433,3433,[3]
3434,3434,[3]
3435,3435,"[5, 3]"
3436,3436,[5]
3437,3437,[3]
3438,3438,[2]
3439,3439,[3]
3440,3440,[3]
3441,3441,[2]
3442,3442,[3]
3443,3443,"[5, 3]"
3444,3444,[3]
3445,3445,"[5, 3]"
3446,3446,"[2, 3]"
3447,3447,[3]
3448,3448,"[2, 3]"
3449,3449,[1]
3450,3450,"[5, 3]"
3451,3451,[]
3452,3452,[2]
3453,3453,"[5, 1]"
3454,3454,"[5, 2, 3, 4]"
3455,3455,"[5, 2]"
3456,3456,"[5, 3]"
3457,3457,[3]
3458,3458,[2]
3459,3459,[3]
3460,3460,[5]
3461,3461,[5]
3462,3462,[5]
3463,3463,[2]
3464,3464,[3]
3465,3465,"[5, 3]"
3466,3466,[3]
3467,3467,[5]
3468,3468,"[5, 3]"
3469,3469,[3]
3470,3470,[3]
3471,3471,[4]
3472,3472,"[3, 4]"
3473,3473,"[2, 3]"
3474,3474,[3]
3475,3475,[5]
3476,3476,[3]
3477,3477,"[3, 6]"
3478,3478,"[5, 3]"
3479,3479,[3]
3480,3480,[5]
3481,3481,[3]
3482,3482,[2]
3483,3483,[2]
3484,3484,[5]
3485,3485,"[5, 3, 4]"
3486,3486,[3]
3487,3487,[2]
3488,3488,"[5, 2]"
3489,3489,[5]
3490,3490,[3]
3491,3491,"[5, 3]"
3492,3492,[3]
3493,3493,"[2, 4]"
3494,3494,[5]
3495,3495,[3]
3496,3496,[4]
3497,3497,[5]
3498,3498,"[2, 3]"
3499,3499,"[5, 6]"
3500,3500,[5]
3501,3501,[5]
3502,3502,[2]
3503,3503,"[5, 3]"
3504,3504,"[5, 3]"
3505,3505,[3]
3506,3506,[5]
3507,3507,[5]
3508,3508,"[5, 3]"
3509,3509,[3]
3510,3510,"[5, 3]"
3511,3511,[5]
3512,3512,[5]
3513,3513,[3]
3514,3514,[3]
3515,3515,[5]
3516,3516,"[2, 3]"
3517,3517,[5]
3518,3518,"[5, 3]"
3519,3519,[3]
3520,3520,"[5, 2]"
3521,3521,[3]
3522,3522,[3]
3523,3523,"[5, 3]"
3524,3524,[2]
3525,3525,"[5, 3]"
3526,3526,[4]
3527,3527,"[5, 3]"
3528,3528,[5]
3529,3529,[3]
3530,3530,[3]
3531,3531,[5]
3532,3532,"[5, 6]"
3533,3533,[3]
3534,3534,[]
3535,3535,[5]
3536,3536,[2]
3537,3537,[3]
3538,3538,[3]
3539,3539,[5]
3540,3540,[1]
3541,3541,[3]
3542,3542,[3]
3543,3543,"[5, 6]"
3544,3544,[5]
3545,3545,[3]
3546,3546,[5]
3547,3547,[2]
3548,3548,[1]
3549,3549,"[6, 4]"
3550,3550,"[2, 3]"
3551,3551,[3]
3552,3552,"[5, 3]"
3553,3553,[2]
3554,3554,[3]
3555,3555,"[5, 3, 6]"
3556,3556,[2]
3557,3557,[4]
3558,3558,[4]
3559,3559,[3]
3560,3560,"[5, 3]"
3561,3561,"[5, 2]"
3562,3562,"[2, 3]"
3563,3563,"[5, 3]"
3564,3564,[5]
3565,3565,[4]
3566,3566,[2]
3567,3567,[5]
3568,3568,[2]
3569,3569,[3]
3570,3570,[3]
3571,3571,[2]
3572,3572,"[5, 2]"
3573,3573,[6]
3574,3574,[5]
3575,3575,[3]
3576,3576,[2]
3577,3577,[3]
3578,3578,[2]
3579,3579,"[5, 2]"
3580,3580,[3]
3581,3581,"[5, 3, 4]"
3582,3582,[3]
3583,3583,"[5, 2]"
3584,3584,[3]
3585,3585,[2]
3586,3586,[]
3587,3587,[5]
3588,3588,[3]
3589,3589,[1]
3590,3590,"[5, 6, 1]"
3591,3591,[5]
3592,3592,"[5, 3]"
3593,3593,[5]
3594,3594,[6]
3595,3595,[1]
3596,3596,[5]
3597,3597,[5]
3598,3598,[2]
3599,3599,"[2, 3]"
3600,3600,[3]
3601,3601,[2]
3602,3602,"[5, 2]"
3603,3603,[3]
3604,3604,[5]
3605,3605,[2]
3606,3606,[5]
3607,3607,[1]
3608,3608,[5]
3609,3609,"[2, 3]"
3610,3610,"[5, 3]"
3611,3611,[1]
3612,3612,"[5, 3]"
3613,3613,"[5, 3]"
3614,3614,[2]
3615,3615,[5]
3616,3616,[5]
3617,3617,[4]
3618,3618,[5]
3619,3619,[3]
3620,3620,"[5, 3]"
3621,3621,"[5, 3, 4]"
3622,3622,[3]
3623,3623,"[5, 2, 3]"
3624,3624,[3]
3625,3625,[5]
3626,3626,[5]
3627,3627,[3]
3628,3628,[5]
3629,3629,[4]
3630,3630,[5]
3631,3631,[3]
3632,3632,[]
3633,3633,[5]
3634,3634,[3]
3635,3635,[5]
3636,3636,[3]
3637,3637,[3]
3638,3638,[3]
3639,3639,[2]
3640,3640,[2]
3641,3641,[5]
3642,3642,"[5, 3]"
3643,3643,"[5, 2, 3, 4]"
3644,3644,[2]
3645,3645,[3]
3646,3646,[5]
3647,3647,"[5, 2, 3]"
3648,3648,[2]
3649,3649,[5]
3650,3650,[3]
3651,3651,[3]
3652,3652,[2]
3653,3653,"[3, 4]"
3654,3654,[2]
3655,3655,[6]
3656,3656,[4]
3657,3657,[3]
3658,3658,"[2, 3]"
3659,3659,[2]
3660,3660,[3]
3661,3661,"[5, 3]"
3662,3662,[4]
3663,3663,[3]
3664,3664,"[2, 6]"
3665,3665,"[2, 3]"
3666,3666,"[2, 3]"
3667,3667,[5]
3668,3668,[2]
3669,3669,[2]
3670,3670,[4]
3671,3671,[2]
3672,3672,[3]
3673,3673,[3]
3674,3674,[4]
3675,3675,[2]
3676,3676,[3]
3677,3677,"[5, 2]"
3678,3678,[6]
3679,3679,[2]
3680,3680,[2]
3681,3681,[5]
3682,3682,[5]
3683,3683,"[3, 4]"
3684,3684,"[5, 3]"
3685,3685,[1]
3686,3686,[3]
3687,3687,[3]
3688,3688,[4]
3689,3689,[4]
3690,3690,"[5, 3, 6]"
3691,3691,[3]
3692,3692,[3]
3693,3693,[1]
3694,3694,"[5, 2]"
3695,3695,[5]
3696,3696,[1]
3697,3697,[3]
3698,3698,"[5, 6]"
3699,3699,[2]
3700,3700,[5]
3701,3701,[2]
3702,3702,"[2, 3]"
3703,3703,[3]
3704,3704,[2]
3705,3705,"[5, 2]"
3706,3706,"[2, 3]"
3707,3707,[3]
3708,3708,[3]
3709,3709,"[5, 4]"
3710,3710,"[5, 2, 3]"
3711,3711,[5]
3712,3712,[3]
3713,3713,"[5, 2]"
3714,3714,[5]
3715,3715,[5]
3716,3716,[3]
3717,3717,[5]
3718,3718,"[5, 3]"
3719,3719,[5]
3720,3720,"[5, 3]"
3721,3721,"[5, 6]"
3722,3722,[2]
3723,3723,"[5, 3, 4]"
3724,3724,[5]
3725,3725,[4]
3726,3726,[2]
3727,3727,[2]
3728,3728,"[5, 6]"
3729,3729,"[5, 3, 4]"
3730,3730,"[2, 3]"
3731,3731,[3]
3732,3732,[5]
3733,3733,[3]
3734,3734,[3]
3735,3735,[5]
3736,3736,[2]
3737,3737,[5]
3738,3738,[2]
3739,3739,[3]
3740,3740,"[5, 6]"
3741,3741,[3]
3742,3742,[2]
3743,3743,[5]
3744,3744,[3]
3745,3745,[3]
3746,3746,"[5, 3]"
3747,3747,[3]
3748,3748,[5]
3749,3749,[5]
3750,3750,[1]
3751,3751,[2]
3752,3752,[3]
3753,3753,[5]
3754,3754,[2]
3755,3755,[3]
3756,3756,"[5, 3]"
3757,3757,"[5, 2, 1]"
3758,3758,[5]
3759,3759,"[5, 3]"
3760,3760,[3]
3761,3761,[]
3762,3762,[5]
3763,3763,"[5, 3]"
3764,3764,[1]
3765,3765,[3]
3766,3766,"[5, 2]"
3767,3767,[4]
3768,3768,"[5, 3]"
3769,3769,[3]
3770,3770,[4]
3771,3771,"[3, 4]"
3772,3772,[5]
3773,3773,"[5, 1]"
3774,3774,[3]
3775,3775,"[5, 2]"
3776,3776,"[5, 6]"
3777,3777,[3]
3778,3778,[2]
3779,3779,[3]
3780,3780,[2]
3781,3781,"[5, 3]"
3782,3782,"[5, 3]"
3783,3783,[5]
3784,3784,"[2, 1]"
3785,3785,"[5, 3]"
3786,3786,[5]
3787,3787,"[5, 3]"
3788,3788,[3]
3789,3789,[1]
3790,3790,"[5, 1]"
3791,3791,[5]
3792,3792,[5]
3793,3793,[3]
3794,3794,[4]
3795,3795,"[5, 3]"
3796,3796,[2]
3797,3797,"[5, 3]"
3798,3798,[2]
3799,3799,[1]
3800,3800,[2]
3801,3801,[3]
3802,3802,"[5, 4]"
3803,3803,[3]
3804,3804,"[5, 2]"
3805,3805,[3]
3806,3806,[5]
3807,3807,[2]
3808,3808,[2]
3809,3809,[2]
3810,3810,[2]
3811,3811,"[5, 2]"
3812,3812,[2]
3813,3813,[3]
3814,3814,[4]
3815,3815,[5]
3816,3816,[5]
3817,3817,[2]
3818,3818,[3]
3819,3819,[3]
3820,3820,[2]
3821,3821,[5]
3822,3822,[5]
3823,3823,"[3, 4]"
3824,3824,"[5, 3]"
3825,3825,[3]
3826,3826,[5]
3827,3827,"[5, 3]"
3828,3828,[4]
3829,3829,[2]
3830,3830,[2]
